Name,URL,Probability
Jack Turner,https://fbref.com/en/players/728f987f/Jack-Turner,0.004017609418410861
Darren Bent,https://fbref.com/en/players/fe97f10b/Darren-Bent,0.003828545445779761
Ryan Bertrand,https://fbref.com/en/players/01226327/Ryan-Bertrand,0.0035449494868331124
Sam Williams,https://fbref.com/en/players/bffe01ce/Sam-Williams,0.0034504175005175626
Wayne Brown,https://fbref.com/en/players/f32c65c3/Wayne-Brown,0.0034504175005175626
Paul Robinson,https://fbref.com/en/players/8da7edcc/Paul-Robinson,0.003261353527886463
Joe Cole,https://fbref.com/en/players/2c2f117b/Joe-Cole,0.003261353527886463
Paul Konchesky,https://fbref.com/en/players/941bcf75/Paul-Konchesky,0.003261353527886463
Carlton Cole,https://fbref.com/en/players/51b2effb/Carlton-Cole,0.003261353527886463
Ashley Cole,https://fbref.com/en/players/be091289/Ashley-Cole,0.003261353527886463
Kieran Richardson,https://fbref.com/en/players/d2bf40b4/Kieran-Richardson,0.003261353527886463
Shaun Wright-Phillips,https://fbref.com/en/players/e1e0b05f/Shaun-Wright-Phillips,0.003261353527886463
Scott Parker,https://fbref.com/en/players/65faf2a1/Scott-Parker,0.003261353527886463
Glen Johnson,https://fbref.com/en/players/8cceca90/Glen-Johnson,0.003261353527886463
Lee Cook,https://fbref.com/en/players/a8ac00c8/Lee-Cook,0.0031195555484131382
Robert Green,https://fbref.com/en/players/a350680b/Robert-Green,0.0031195555484131382
Tommy Smith,https://fbref.com/en/players/066be641/Tommy-Smith,0.0028832255826242645
Adam Barrett,https://fbref.com/en/players/2093e386/Adam-Barrett,0.0028832255826242645
John Terry,https://fbref.com/en/players/68517cfd/John-Terry,0.0028832255826242645
Dave Beasant,https://fbref.com/en/players/2e448746/Dave-Beasant,0.0028832255826242645
Frank Lampard,https://fbref.com/en/players/268df6b1/Frank-Lampard,0.0028832255826242645
Ben Watson,https://fbref.com/en/players/df540668/Ben-Watson,0.00283595958946649
Jimmy Smith,https://fbref.com/en/players/5ed1816c/Jimmy-Smith,0.00283595958946649
Theo Walcott,https://fbref.com/en/players/1ecb65be/Theo-Walcott,0.00283595958946649
Kieran Gibbs,https://fbref.com/en/players/46ee5234/Kieran-Gibbs,0.00283595958946649
Jake Cole,https://fbref.com/en/players/7c5b4491/Jake-Cole,0.00283595958946649
Charlie Lee,https://fbref.com/en/players/4963b778/Charlie-Lee,0.00283595958946649
Gary Cahill,https://fbref.com/en/players/7914b9fe/Gary-Cahill,0.0028265063908349346
Daniel Sturridge,https://fbref.com/en/players/1b7ec703/Daniel-Sturridge,0.0028265063908349346
Jack Smith,https://fbref.com/en/players/14289cde/Jack-Smith,0.0027886935963087147
Bobby Zamora,https://fbref.com/en/players/7ddb3563/Bobby-Zamora,0.0027886935963087147
Ryan Smith,https://fbref.com/en/players/0769f566/Ryan-Smith,0.00274142760315094
Jordan Spence,https://fbref.com/en/players/f7780381/Jordan-Spence,0.00274142760315094
Danny Drinkwater,https://fbref.com/en/players/2649ff32/Danny-Drinkwater,0.002731974404519385
Jermain Defoe,https://fbref.com/en/players/f1e8372d/Jermain-Defoe,0.002552363630519841
Rio Ferdinand,https://fbref.com/en/players/52465662/Rio-Ferdinand,0.002552363630519841
Dan Thompson,https://fbref.com/en/players/dffb2c0e/Dan-Thompson,0.002552363630519841
Matthew Parsons,https://fbref.com/en/players/1f291e4a/Matthew-Parsons,0.002552363630519841
Wayne Bridge,https://fbref.com/en/players/86b982bc/Wayne-Bridge,0.0025429104318882853
Kelvin Davis,https://fbref.com/en/players/33b6ee02/Kelvin-Davis,0.0025429104318882853
Michael Dobson,https://fbref.com/en/players/5b779f83/Michael-Dobson,0.0025240040346251763
Nicky Bailey,https://fbref.com/en/players/9f2550f3/Nicky-Bailey,0.002457831644204291
Luke Oliver,https://fbref.com/en/players/b2609dc2/Luke-Oliver,0.0024578316442042908
Zat Knight,https://fbref.com/en/players/607efc45/Zat-Knight,0.0024483784455727356
Andrew Johnson,https://fbref.com/en/players/facd1b3e/Andrew-Johnson,0.0024483784455727356
Richard Lee,https://fbref.com/en/players/624f2897/Richard-Lee,0.0024483784455727356
Jack Wilshere,https://fbref.com/en/players/9c318325/Jack-Wilshere,0.0023632996578887414
Jay Simpson,https://fbref.com/en/players/fe9c9bfc/Jay-Simpson,0.0023632996578887414
Huw Johnson,https://fbref.com/en/players/1e3f101a/Huw-Johnson,0.002297127267467857
Chris Perry,https://fbref.com/en/players/2f43aa1c/Chris-Perry,0.0022971272674678564
Ryan Mason,https://fbref.com/en/players/c8fac933/Ryan-Mason,0.002268767671573192
Michael Clark,https://fbref.com/en/players/dfa4fdd7/Michael-Clark,0.002268767671573192
Ashlee Jones,https://fbref.com/en/players/a5cfe096/Ashlee-Jones,0.0021742356852576424
Danny Mills,https://fbref.com/en/players/99c1acc9/Danny-Mills,0.0021742356852576424
Jon Stewart,https://fbref.com/en/players/8f91af66/Jon-Stewart,0.0021742356852576424
Ben Williamson,https://fbref.com/en/players/919f7838/Ben-Williamson,0.0021742356852576424
Luke Young,https://fbref.com/en/players/409a29d7/Luke-Young,0.0021742356852576424
Fraizer Campbell,https://fbref.com/en/players/81d63375/Fraizer-Campbell,0.0021175164934683125
Tom Clarke,https://fbref.com/en/players/73e704dd/Tom-Clarke,0.0021175164934683125
Matthew Jarvis,https://fbref.com/en/players/02d6d2b4/Matthew-Jarvis,0.0021175164934683125
Aaron Lennon,https://fbref.com/en/players/2ff964a0/Aaron-Lennon,0.0021175164934683125
Brandon Hall,https://fbref.com/en/players/e4d7ebd7/Brandon-Hall,0.0020797036989420926
Alex Smith,https://fbref.com/en/players/1c8af6eb/Alex-Smith,0.0020797036989420926
Jordaan Brown,https://fbref.com/en/players/eee7c477/Jordaan-Brown,0.0020797036989420926
Billy Jones,https://fbref.com/en/players/4a7da20c/Billy-Jones,0.0020797036989420926
Glenn Wilson,https://fbref.com/en/players/cce4e1d3/Glenn-Wilson,0.0020797036989420926
Danny Rose,https://fbref.com/en/players/89d10e53/Danny-Rose,0.0020229845071527627
Glenn Hoddle,https://fbref.com/en/players/231f7c03/Glenn-Hoddle,0.002013531308521207
Paul Robinson,https://fbref.com/en/players/80cdbbe1/Paul-Robinson,0.001985171712626543
Joe Ward,https://fbref.com/en/players/5609cfb0/Joe-Ward,0.001985171712626543
Rory Hill,https://fbref.com/en/players/aab894d8/Rory-Hill,0.001985171712626543
Charlie Allen,https://fbref.com/en/players/4a500487/Charlie-Allen,0.001985171712626543
Tom Derry,https://fbref.com/en/players/3d7a332b/Tom-Derry,0.001985171712626543
Jay Bothroyd,https://fbref.com/en/players/8cdc5afd/Jay-Bothroyd,0.001985171712626543
Dominic Thomas,https://fbref.com/en/players/7cb98f9a/Dominic-Thomas,0.001985171712626543
Diaz Wright,https://fbref.com/en/players/83848881/Diaz-Wright,0.001985171712626543
Jody Morris,https://fbref.com/en/players/c5002fd1/Jody-Morris,0.0019568121167318777
Tom Cleverley,https://fbref.com/en/players/6cdd8245/Tom-Cleverley,0.0018906397263109935
Jay Smith,https://fbref.com/en/players/b5403cd7/Jay-Smith,0.0018433737331532184
Stewart Downing,https://fbref.com/en/players/b13c4620/Stewart-Downing,0.0018339205345216634
Michael Brown,https://fbref.com/en/players/85543572/Michael-Brown,0.0018339205345216634
Paul Robinson,https://fbref.com/en/players/3515ba56/Paul-Robinson,0.0018339205345216634
Peter Crouch,https://fbref.com/en/players/73d9bdc7/Peter-Crouch,0.0018339205345216634
Michael Dawson,https://fbref.com/en/players/4771114f/Michael-Dawson,0.0018339205345216634
Jonathan Woodgate,https://fbref.com/en/players/9482a3bd/Jonathan-Woodgate,0.0018339205345216634
Jamie Reynolds,https://fbref.com/en/players/25a7390d/Jamie-Reynolds,0.0018339205345216634
Richard Wright,https://fbref.com/en/players/d9e2e2ae/Richard-Wright,0.0018339205345216634
Kevin Davies,https://fbref.com/en/players/2f726a89/Kevin-Davies,0.0018339205345216634
Matt Upson,https://fbref.com/en/players/1a6e6d03/Matt-Upson,0.0018339205345216634
Charlie I'Anson,https://fbref.com/en/players/907594ed/Charlie-IAnson,0.0017961077399954437
Lewis Young,https://fbref.com/en/players/40e78558/Lewis-Young,0.0017961077399954437
Josh Simpson,https://fbref.com/en/players/ded86fdd/Josh-Simpson,0.0017961077399954437
Robert Hall,https://fbref.com/en/players/89602ebf/Robert-Hall,0.0017961077399954437
George Thorne,https://fbref.com/en/players/e1a933d2/George-Thorne,0.0017961077399954437
Joe Howe,https://fbref.com/en/players/20ecaf95/Joe-Howe,0.0017961077399954437
Josh Payne,https://fbref.com/en/players/de015490/Josh-Payne,0.0017961077399954437
Garry Richards,https://fbref.com/en/players/8304ee91/Garry-Richards,0.0017866545413638888
Rhys Evans,https://fbref.com/en/players/049c2cbb/Rhys-Evans,0.0017393885482061137
Jermaine Jenas,https://fbref.com/en/players/3149f712/Jermaine-Jenas,0.0017393885482061137
Anthony Gardner,https://fbref.com/en/players/0f2da318/Anthony-Gardner,0.0017393885482061137
David Wright,https://fbref.com/en/players/fdc640d2/David-Wright,0.0017393885482061137
Ben Wright,https://fbref.com/en/players/b0024a4b/Ben-Wright,0.001701575753679894
Michael Carrick,https://fbref.com/en/players/ab7263c1/Michael-Carrick,0.001701575753679894
Wayne Brown,https://fbref.com/en/players/07748ae2/Wayne-Brown,0.0016732161577852288
Kenny Sansom,https://fbref.com/en/players/bc5b0493/Kenny-Sansom,0.0016732161577852288
Andy Clarke,https://fbref.com/en/players/c8479463/Andy-Clarke,0.0016732161577852288
Dennis Wise,https://fbref.com/en/players/e718c23d/Dennis-Wise,0.0016732161577852288
Warren Barton,https://fbref.com/en/players/7e732709/Warren-Barton,0.0016732161577852288
Paul Merson,https://fbref.com/en/players/eba7e6fd/Paul-Merson,0.001644856561890564
David Rocastle,https://fbref.com/en/players/e52cce17/David-Rocastle,0.0016164969659958992
Paul Parker,https://fbref.com/en/players/90464ad8/Paul-Parker,0.0016164969659958992
Michael Thomas,https://fbref.com/en/players/68de2664/Michael-Thomas,0.0016164969659958992
Jordan Sanderson,https://fbref.com/en/players/f2b53b49/Jordan-Sanderson,0.0016070437673643446
Mark Wright,https://fbref.com/en/players/f1a644ac/Mark-Wright,0.0016070437673643446
Joe Payne,https://fbref.com/en/players/2a7d71b0/Joe-Payne,0.0016070437673643446
Tom Gardiner,https://fbref.com/en/players/8616df68/Tom-Gardiner,0.0016070437673643446
Mark Ricketts,https://fbref.com/en/players/427ca539/Mark-Ricketts,0.0016070437673643444
Ronnie Henry,https://fbref.com/en/players/a49c8ac4/Ronnie-Henry,0.0016070437673643444
Kevin Phillips,https://fbref.com/en/players/23d97ca1/Kevin-Phillips,0.0016070437673643444
Mark Peters,https://fbref.com/en/players/4ac4a957/Mark-Peters,0.0015597777742065696
John Fashanu,https://fbref.com/en/players/e9430452/John-Fashanu,0.0015597777742065696
Byron Moore,https://fbref.com/en/players/58438192/Byron-Moore,0.0015503245755750146
Billy Jones,https://fbref.com/en/players/aa3cb1ad/Billy-Jones,0.0015503245755750146
Fabian Delph,https://fbref.com/en/players/111c3236/Fabian-Delph,0.0015503245755750146
Gary Roberts,https://fbref.com/en/players/63dabe1e/Gary-Roberts,0.0015503245755750146
David Nugent,https://fbref.com/en/players/f9b5e5bd/David-Nugent,0.0015503245755750146
Wayne Rooney,https://fbref.com/en/players/f07be45a/Wayne-Rooney,0.0015503245755750146
Junior Brown,https://fbref.com/en/players/7a094557/Junior-Brown,0.0015503245755750146
Aidy White,https://fbref.com/en/players/a850b35d/Aidy-White,0.0015503245755750146
Jill Scott,https://fbref.com/en/players/bb3bd078/Jill-Scott,0.0015503245755750146
Matt Mills,https://fbref.com/en/players/593f52b7/Matt-Mills,0.0015503245755750146
Christian Smith,https://fbref.com/en/players/878b5a4f/Christian-Smith,0.0015503245755750146
Danny Rose,https://fbref.com/en/players/75f29040/Danny-Rose,0.0015503245755750146
Marcus Kelly,https://fbref.com/en/players/a9c9e0ba/Marcus-Kelly,0.0015503245755750146
Paul Jones,https://fbref.com/en/players/a664a8de/Paul-Jones,0.0015503245755750146
Lee Bowyer,https://fbref.com/en/players/f4fd57ba/Lee-Bowyer,0.0015314181783119046
Sol Campbell,https://fbref.com/en/players/3e3b2fbd/Sol-Campbell,0.0015314181783119046
Trevor Sinclair,https://fbref.com/en/players/d2f7373c/Trevor-Sinclair,0.0015314181783119046
Neil Ruddock,https://fbref.com/en/players/8533db00/Neil-Ruddock,0.0015314181783119042
Lee Harper,https://fbref.com/en/players/f2b5049d/Lee-Harper,0.0015314181783119042
Danny Murphy,https://fbref.com/en/players/03a97c40/Danny-Murphy,0.001525746259132971
Andy Cole,https://fbref.com/en/players/b6638a2c/Andy-Cole,0.001525746259132971
Chris Sutton,https://fbref.com/en/players/83c38e36/Chris-Sutton,0.001525746259132971
Matt Richards,https://fbref.com/en/players/427bceb7/Matt-Richards,0.0015125117810487947
Nicky Shorey,https://fbref.com/en/players/9665e2ea/Nicky-Shorey,0.0015125117810487947
Ledley King,https://fbref.com/en/players/83ca192d/Ledley-King,0.0014746989865225748
Ian Walker,https://fbref.com/en/players/78a90cec/Ian-Walker,0.0014746989865225748
Danny Senda,https://fbref.com/en/players/73f95e18/Danny-Senda,0.0014746989865225748
Gareth Southgate,https://fbref.com/en/players/a29c3ed6/Gareth-Southgate,0.0014746989865225748
Jimmy Carter,https://fbref.com/en/players/39bbad32/Jimmy-Carter,0.0014746989865225743
Jamie Smith,https://fbref.com/en/players/35b9ebac/Jamie-Smith,0.0014690270673436412
Tommy Wright,https://fbref.com/en/players/f17da156/Tommy-Wright,0.0014690270673436412
Liam King,https://fbref.com/en/players/10a9b8f4/Liam-King,0.0014557925892594648
Ashley Baker,https://fbref.com/en/players/b974c6fa/Ashley-Baker,0.0014557925892594648
Josh Morris,https://fbref.com/en/players/6449a543/Josh-Morris,0.0014557925892594648
Adam Johnson,https://fbref.com/en/players/1ba61951/Adam-Johnson,0.0014557925892594648
Craig Alcock,https://fbref.com/en/players/86f6cfd2/Craig-Alcock,0.0014557925892594648
Paul Taylor,https://fbref.com/en/players/85892dff/Paul-Taylor,0.0014557925892594648
Micah Richards,https://fbref.com/en/players/ff87875a/Micah-Richards,0.0014557925892594648
John Johnson,https://fbref.com/en/players/63cc3cfb/John-Johnson,0.0014557925892594648
Calum Woods,https://fbref.com/en/players/02f0f728/Calum-Woods,0.0014557925892594648
Gabriel Agbonlahor,https://fbref.com/en/players/db80f5f1/Gabriel-Agbonlahor,0.0014557925892594648
James Moore,https://fbref.com/en/players/113b20cc/James-Moore,0.0014557925892594648
Jade Moore,https://fbref.com/en/players/4319f536/Jade-Moore,0.0014557925892594648
Luke Howell,https://fbref.com/en/players/7467a32a/Luke-Howell,0.0014557925892594648
Shaun Pearson,https://fbref.com/en/players/37ee52da/Shaun-Pearson,0.0014557925892594648
Danny Rowe,https://fbref.com/en/players/4f6203ea/Danny-Rowe,0.0014557925892594648
Jonathan Smith,https://fbref.com/en/players/221b201f/Jonathan-Smith,0.0014557925892594648
Jamie Yates,https://fbref.com/en/players/a92cc338/Jamie-Yates,0.0014557925892594648
Jon Flanagan,https://fbref.com/en/players/f2428fd4/Jon-Flanagan,0.0014557925892594648
James Brown,https://fbref.com/en/players/5b5ad460/James-Brown,0.0014557925892594648
Phil Jones,https://fbref.com/en/players/def899bd/Phil-Jones,0.0014557925892594648
Ryan Shawcross,https://fbref.com/en/players/285a3d44/Ryan-Shawcross,0.0014557925892594648
Adam Smith,https://fbref.com/en/players/8d2b83b5/Adam-Smith,0.0014557925892594648
Che Wilson,https://fbref.com/en/players/3b4ca3ce/Che-Wilson,0.0014123078755543118
Stan Collymore,https://fbref.com/en/players/eed4ff30/Stan-Collymore,0.0014123078755543118
Gary Smith,https://fbref.com/en/players/0046ca2e/Gary-Smith,0.0014123078755543118
Martin Thomas,https://fbref.com/en/players/9fa79bcb/Martin-Thomas,0.00138962019883858
George Smith,https://fbref.com/en/players/2d23ed56/George-Smith,0.0013612606029439153
Jack King,https://fbref.com/en/players/ebede3aa/Jack-King,0.0013612606029439153
Jacob Marsden,https://fbref.com/en/players/358ec639/Jacob-Marsden,0.0013612606029439153
Jamie Richards,https://fbref.com/en/players/cba806d6/Jamie-Richards,0.0013612606029439153
Peter Taylor,https://fbref.com/en/players/4d070a60/Peter-Taylor,0.0013612606029439153
Dan Thomas,https://fbref.com/en/players/553434ab/Dan-Thomas,0.0013612606029439153
Danny Waldren,https://fbref.com/en/players/76bff1de/Danny-Waldren,0.0013612606029439153
Joe Tait,https://fbref.com/en/players/579427c3/Joe-Tait,0.0013612606029439153
Jordan Hulme,https://fbref.com/en/players/d5221bb3/Jordan-Hulme,0.0013612606029439153
Michael Townsend,https://fbref.com/en/players/e1f0bf46/Michael-Townsend,0.0013612606029439153
James Pearson,https://fbref.com/en/players/44406487/James-Pearson,0.0013612606029439153
Rory Allen,https://fbref.com/en/players/a6e9d64f/Rory-Allen,0.0013612606029439153
Cameron Cresswell,https://fbref.com/en/players/32ff06f4/Cameron-Cresswell,0.0013612606029439153
Waide Fairhurst,https://fbref.com/en/players/0d5e3f59/Waide-Fairhurst,0.0013612606029439153
Danny Rowe,https://fbref.com/en/players/ad63d5c3/Danny-Rowe,0.0013612606029439153
Steve Williams,https://fbref.com/en/players/965b0242/Steve-Williams,0.0013612606029439153
Joshua Barnes,https://fbref.com/en/players/d6293ff8/Joshua-Barnes,0.0013612606029439153
Tyreke Johnson,https://fbref.com/en/players/4701e130/Tyreke-Johnson,0.0013612606029439153
Tom Smith,https://fbref.com/en/players/4bae7c12/Tom-Smith,0.0013612606029439153
Ritchie Jones,https://fbref.com/en/players/13674825/Ritchie-Jones,0.0013612606029439153
James Smith,https://fbref.com/en/players/6c0f4106/James-Smith,0.0013612606029439153
Alex Jones,https://fbref.com/en/players/018961c6/Alex-Jones,0.0013612606029439153
Michael Kay,https://fbref.com/en/players/68fdb9a3/Michael-Kay,0.0013612606029439153
George Wells,https://fbref.com/en/players/46019e2b/George-Wells,0.0013612606029439153
Jordan Simpson,https://fbref.com/en/players/a7c85a37/Jordan-Simpson,0.0013612606029439153
Ted Smith,https://fbref.com/en/players/ed97ffd3/Ted-Smith,0.0013612606029439153
Alfie Jones,https://fbref.com/en/players/c6306447/Alfie-Jones,0.0013612606029439153
Brett Williams,https://fbref.com/en/players/6ff16e59/Brett-Williams,0.0013612606029439153
Andrai Jones,https://fbref.com/en/players/d47f08d3/Andrai-Jones,0.0013612606029439153
Bohan Dixon,https://fbref.com/en/players/c2d81760/Bohan-Dixon,0.0013612606029439153
Sean Williams,https://fbref.com/en/players/2abca0b9/Sean-Williams,0.0013612606029439153
Sam Matthews,https://fbref.com/en/players/e909b757/Sam-Matthews,0.0013612606029439153
Gary Martin,https://fbref.com/en/players/1ae9d8b2/Gary-Martin,0.0013612606029439153
Daniel Spence,https://fbref.com/en/players/b2f834e1/Daniel-Spence,0.0013612606029439153
Alan McCarthy,https://fbref.com/en/players/6aea5635/Alan-McCarthy,0.001361260602943915
Paul Underwood,https://fbref.com/en/players/545ee657/Paul-Underwood,0.001361260602943915
Alex Read,https://fbref.com/en/players/f04319af/Alex-Read,0.0013234478084176954
Jack Brownell,https://fbref.com/en/players/8b355544/Jack-Brownell,0.0013234478084176954
Chris Regis,https://fbref.com/en/players/9178e0a6/Chris-Regis,0.0013234478084176954
David James,https://fbref.com/en/players/86841dfb/David-James,0.0013045414111545854
Harry Baker,https://fbref.com/en/players/76cd2f60/Harry-Baker,0.0013045414111545854
Ray Parlour,https://fbref.com/en/players/d567e937/Ray-Parlour,0.0013045414111545854
Jack Goodall,https://fbref.com/en/players/af637448/Jack-Goodall,0.0012667286166283655
Harry Goode,https://fbref.com/en/players/70858a72/Harry-Goode,0.0012667286166283655
Matthew Jones,https://fbref.com/en/players/8f496daf/Matthew-Jones,0.0012667286166283655
Matt Jones,https://fbref.com/en/players/76ba2a13/Matt-Jones,0.0012667286166283655
Gary Jones,https://fbref.com/en/players/0f95466a/Gary-Jones,0.0012667286166283655
Mark Gray,https://fbref.com/en/players/76ebf42c/Mark-Gray,0.0012667286166283655
Lewis Smith,https://fbref.com/en/players/d05a000c/Lewis-Smith,0.0012667286166283655
Brad Jones,https://fbref.com/en/players/ca50ed24/Brad-Jones,0.0012667286166283655
Liam Smith,https://fbref.com/en/players/cd113188/Liam-Smith,0.0012667286166283655
Tyler Walker,https://fbref.com/en/players/d126ce12/Tyler-Walker,0.0012667286166283655
George Green,https://fbref.com/en/players/16f9386a/George-Green,0.0012667286166283655
James Yates,https://fbref.com/en/players/a90e2ea8/James-Yates,0.0012667286166283655
Ryan Green,https://fbref.com/en/players/06760135/Ryan-Green,0.0012667286166283655
Matty Jones,https://fbref.com/en/players/c2e8203e/Matty-Jones,0.0012667286166283655
Steven Gerrard,https://fbref.com/en/players/caeb5442/Steven-Gerrard,0.0012667286166283655
Tommy Wright,https://fbref.com/en/players/3e170665/Tommy-Wright,0.0012667286166283655
Ben Jones,https://fbref.com/en/players/3a70c566/Ben-Jones,0.0012667286166283655
Lawrence Smith,https://fbref.com/en/players/ba6a985c/Lawrence-Smith,0.0012667286166283655
Lance Smith,https://fbref.com/en/players/40ad836f/Lance-Smith,0.0012667286166283655
Joshua Smith,https://fbref.com/en/players/ff8d285d/Joshua-Smith,0.0012667286166283655
Jordan Brown,https://fbref.com/en/players/10fb3a2e/Jordan-Brown,0.0012667286166283655
Antony Kay,https://fbref.com/en/players/44717a3c/Antony-Kay,0.0012667286166283655
Jordan Brown,https://fbref.com/en/players/34d2a135/Jordan-Brown,0.0012667286166283655
Jordan Brown,https://fbref.com/en/players/5aff1268/Jordan-Brown,0.0012667286166283655
Jon Smith,https://fbref.com/en/players/5d957be9/Jon-Smith,0.0012667286166283655
Thomas Brown,https://fbref.com/en/players/1430893c/Thomas-Brown,0.0012667286166283655
Joshua Barnes,https://fbref.com/en/players/bb00fb73/Joshua-Barnes,0.0012667286166283655
Chris Kirkland,https://fbref.com/en/players/710265d2/Chris-Kirkland,0.0012667286166283655
Wes Brown,https://fbref.com/en/players/659ccc97/Wes-Brown,0.0012667286166283655
Josh Gregory,https://fbref.com/en/players/ffeb4b9b/Josh-Gregory,0.0012667286166283655
Scott Smith,https://fbref.com/en/players/556ca077/Scott-Smith,0.0012667286166283655
Sam Smith,https://fbref.com/en/players/11d4b07d/Sam-Smith,0.0012667286166283655
Jack Stewart,https://fbref.com/en/players/23df955d/Jack-Stewart,0.0012667286166283655
Joe Bedford,https://fbref.com/en/players/6b2d2adc/Joe-Bedford,0.0012667286166283655
Ben Thomson,https://fbref.com/en/players/4ab2e745/Ben-Thomson,0.0012667286166283655
Arron Thompson,https://fbref.com/en/players/c3bc7036/Arron-Thompson,0.0012667286166283655
Emile Heskey,https://fbref.com/en/players/30184789/Emile-Heskey,0.0012667286166283655
Joey Barton,https://fbref.com/en/players/93bfa675/Joey-Barton,0.0012667286166283655
Tom Billson,https://fbref.com/en/players/91350b6e/Tom-Billson,0.0012667286166283655
Phil Jagielka,https://fbref.com/en/players/3233eefd/Phil-Jagielka,0.0012667286166283655
Tom Bilson,https://fbref.com/en/players/c0401c77/Tom-Bilson,0.0012667286166283655
Gareth Barry,https://fbref.com/en/players/7dbbe367/Gareth-Barry,0.0012667286166283655
Jordan Stewart,https://fbref.com/en/players/99bd8581/Jordan-Stewart,0.0012667286166283655
Alex Johnson,https://fbref.com/en/players/bb129188/Alex-Johnson,0.0012667286166283655
Andrew Johnson,https://fbref.com/en/players/b7b215c2/Andrew-Johnson,0.0012667286166283655
Jake Barrett,https://fbref.com/en/players/504bb013/Jake-Barrett,0.0012667286166283655
Alex-Ray Harvey,https://fbref.com/en/players/f73cf9ef/Alex-Ray-Harvey,0.0012667286166283655
Bayley Brown,https://fbref.com/en/players/75e2a47b/Bayley-Brown,0.0012667286166283655
Anna Young,https://fbref.com/en/players/ea8c7870/Anna-Young,0.0012667286166283655
Spencer Harris,https://fbref.com/en/players/abb291eb/Spencer-Harris,0.0012667286166283655
Sophie Harris,https://fbref.com/en/players/63c09eda/Sophie-Harris,0.0012667286166283655
Dan Walker,https://fbref.com/en/players/6724763f/Dan-Walker,0.0012667286166283655
Jason Stewart Hart,https://fbref.com/en/players/f01a776b/Jason-Stewart-Hart,0.0012667286166283655
Jorell Johnson,https://fbref.com/en/players/23c78822/Jorell-Johnson,0.0012667286166283655
Kieran Walker,https://fbref.com/en/players/57c0760a/Kieran-Walker,0.0012667286166283655
William Johnson,https://fbref.com/en/players/78ee05c1/William-Johnson,0.0012667286166283655
Aaron Jones,https://fbref.com/en/players/fb7b4ee9/Aaron-Jones,0.0012667286166283655
Alex Brown,https://fbref.com/en/players/c9cb6c9a/Alex-Brown,0.0012667286166283655
Andre Brown,https://fbref.com/en/players/b5bd07c5/Andre-Brown,0.0012667286166283655
Andy Brown,https://fbref.com/en/players/4ec031b4/Andy-Brown,0.0012667286166283655
Rickie Lambert,https://fbref.com/en/players/495de82c/Rickie-Lambert,0.0012667286166283655
Myles Wright,https://fbref.com/en/players/afd20763/Myles-Wright,0.0012667286166283655
Joe Turner,https://fbref.com/en/players/774481ba/Joe-Turner,0.0012667286166283655
Matt Wright,https://fbref.com/en/players/b8eea7c2/Matt-Wright,0.0012667286166283655
David Pratt,https://fbref.com/en/players/0e438c6a/David-Pratt,0.0012667286166283655
Lee Shaw,https://fbref.com/en/players/45e35c22/Lee-Shaw,0.0012667286166283655
Jonathan Royle,https://fbref.com/en/players/d5b959d4/Jonathan-Royle,0.0012667286166283655
Benjamin Wright,https://fbref.com/en/players/d93929ce/Benjamin-Wright,0.0012667286166283655
Ben Williams,https://fbref.com/en/players/05be4744/Ben-Williams,0.0012667286166283655
Jordan Ball,https://fbref.com/en/players/fd797477/Jordan-Ball,0.0012667286166283655
Kyle Dixon,https://fbref.com/en/players/1aa97927/Kyle-Dixon,0.0012667286166283655
James Morris,https://fbref.com/en/players/6a18060e/James-Morris,0.0012667286166283655
Ben Williams,https://fbref.com/en/players/cce67261/Ben-Williams,0.0012667286166283655
Joe Robinson,https://fbref.com/en/players/10ecc278/Joe-Robinson,0.0012667286166283655
Daniel Murphy,https://fbref.com/en/players/688c5e8c/Daniel-Murphy,0.0012667286166283655
Joel Dixon,https://fbref.com/en/players/48ad0307/Joel-Dixon,0.0012667286166283655
Chinua Cole,https://fbref.com/en/players/6e4928e2/Chinua-Cole,0.0012667286166283655
Theo Roberts,https://fbref.com/en/players/60e10cb3/Theo-Roberts,0.0012667286166283655
Gary Roberts,https://fbref.com/en/players/245c2093/Gary-Roberts,0.0012667286166283655
Jack Cook,https://fbref.com/en/players/d2803e49/Jack-Cook,0.0012667286166283655
Tom Wraight,https://fbref.com/en/players/59aa48e8/Tom-Wraight,0.0012667286166283655
Billy Roast,https://fbref.com/en/players/1eddaa56/Billy-Roast,0.0012667286166283655
Leighton Baines,https://fbref.com/en/players/b18095b6/Leighton-Baines,0.0012667286166283655
Marc Richards,https://fbref.com/en/players/e9391cde/Marc-Richards,0.0012667286166283655
Jack Parkinson,https://fbref.com/en/players/2753f0e5/Jack-Parkinson,0.0012667286166283655
Jake Richards,https://fbref.com/en/players/e919c9c9/Jake-Richards,0.0012667286166283655
Jack Richards,https://fbref.com/en/players/d764d12c/Jack-Richards,0.0012667286166283655
Courtney Richards,https://fbref.com/en/players/8a52f259/Courtney-Richards,0.0012667286166283655
Paul Reid,https://fbref.com/en/players/b4ca388e/Paul-Reid,0.0012667286166283655
Jordan Cox,https://fbref.com/en/players/0eb7c9fc/Jordan-Cox,0.0012667286166283655
Jordan Cox,https://fbref.com/en/players/6d1fc4a9/Jordan-Cox,0.0012667286166283655
John Pritchard,https://fbref.com/en/players/a33911c4/John-Pritchard,0.0012667286166283655
Joe Doyle,https://fbref.com/en/players/e5923455/Joe-Doyle,0.0012667286166283655
John Mitchell,https://fbref.com/en/players/6505fd1c/John-Mitchell,0.0012667286166283655
Luke Shaw,https://fbref.com/en/players/3bbbbc3e/Luke-Shaw,0.0012667286166283655
Declan Watson,https://fbref.com/en/players/3ef66ebc/Declan-Watson,0.0012667286166283655
Jack Lee,https://fbref.com/en/players/b50635ce/Jack-Lee,0.0012667286166283655
Alex Fletcher,https://fbref.com/en/players/840c239f/Alex-Fletcher,0.0012667286166283655
Jordan Lee,https://fbref.com/en/players/8cfe717a/Jordan-Lee,0.0012667286166283655
Jamie Smith,https://fbref.com/en/players/63de128b/Jamie-Smith,0.0012667286166283655
Stephen Warnock,https://fbref.com/en/players/07869028/Stephen-Warnock,0.0012667286166283655
Harvey Smith,https://fbref.com/en/players/4787bf13/Harvey-Smith,0.0012667286166283655
James Butler,https://fbref.com/en/players/b6d5d796/James-Butler,0.0012667286166283655
Joleon Lescott,https://fbref.com/en/players/62393d3b/Joleon-Lescott,0.0012667286166283655
Jamie Butler,https://fbref.com/en/players/5c1d43ef/Jamie-Butler,0.0012667286166283655
John Marsden,https://fbref.com/en/players/e306d054/John-Marsden,0.0012667286166283655
Tom Marshall,https://fbref.com/en/players/388ef0e9/Tom-Marshall,0.0012667286166283655
Dale Wright,https://fbref.com/en/players/2ae2ab10/Dale-Wright,0.0012667286166283655
Connor Smith,https://fbref.com/en/players/f727e89a/Connor-Smith,0.0012667286166283655
Callum Smith,https://fbref.com/en/players/3a1858b7/Callum-Smith,0.0012667286166283655
Aaron Martin,https://fbref.com/en/players/539c89d2/Aaron-Martin,0.0012667286166283655
Dan Wright,https://fbref.com/en/players/72a1bc17/Dan-Wright,0.0012667286166283655
Alan Smith,https://fbref.com/en/players/fdac06ea/Alan-Smith,0.0012667286166283655
Tom Meechan,https://fbref.com/en/players/b60401f1/Tom-Meechan,0.0012667286166283655
David Dunn,https://fbref.com/en/players/7ecdf483/David-Dunn,0.0012667286166283655
Declan Dunn,https://fbref.com/en/players/e904a267/Declan-Dunn,0.0012667286166283655
Nathan Webb,https://fbref.com/en/players/c2f0ea0d/Nathan-Webb,0.0012667286166283655
Chris Weale,https://fbref.com/en/players/1760ea72/Chris-Weale,0.0012667286166283655
Daniel Wright,https://fbref.com/en/players/7368f3af/Daniel-Wright,0.0012667286166283655
Cain Smith,https://fbref.com/en/players/8d7fef04/Cain-Smith,0.0012667286166283655
Adam Martin,https://fbref.com/en/players/8c4c1bc9/Adam-Martin,0.0012667286166283655
Jack Egan,https://fbref.com/en/players/65818deb/Jack-Egan,0.0012667286166283655
Rob Lee,https://fbref.com/en/players/291b2178/Rob-Lee,0.0012478222193652556
Stuart Pearce,https://fbref.com/en/players/39243ce6/Stuart-Pearce,0.0012478222193652556
John Turner,https://fbref.com/en/players/9e19d729/John-Turner,0.0012478222193652556
Chris Powell,https://fbref.com/en/players/721060d9/Chris-Powell,0.0012478222193652556
Alan Miller,https://fbref.com/en/players/ba82c15d/Alan-Miller,0.0012478222193652556
Les Ferdinand,https://fbref.com/en/players/aad47f5a/Les-Ferdinand,0.0012478222193652556
Alan Mullery,https://fbref.com/en/players/b5362ef6/Alan-Mullery,0.0012478222193652553
Graeme Le Saux,https://fbref.com/en/players/0bd42c09/Graeme-Le-Saux,0.0012421503001863224
Peter Beardsley,https://fbref.com/en/players/4d9a93aa/Peter-Beardsley,0.0012421503001863224
John Salako,https://fbref.com/en/players/2749f5b7/John-Salako,0.0012421503001863224
Robert Edmans,https://fbref.com/en/players/7914fbbd/Robert-Edmans,0.0011911030275759257
Ray Jones,https://fbref.com/en/players/43a1e34b/Ray-Jones,0.0011911030275759257
Alex Smith,https://fbref.com/en/players/8d8d5ea8/Alex-Smith,0.0011911030275759257
Tony Cottee,https://fbref.com/en/players/111e8515/Tony-Cottee,0.0011911030275759257
Tony Sinclair,https://fbref.com/en/players/e974af38/Tony-Sinclair,0.0011911030275759257
Ugo Ehiogu,https://fbref.com/en/players/bd8d3cd5/Ugo-Ehiogu,0.0011911030275759257
Ian Wright,https://fbref.com/en/players/60c275b3/Ian-Wright,0.0011911030275759257
Jamie Smith,https://fbref.com/en/players/56386ff5/Jamie-Smith,0.0011911030275759257
Jason Lee,https://fbref.com/en/players/e9c268b6/Jason-Lee,0.0011911030275759257
David Beckham,https://fbref.com/en/players/53539318/David-Beckham,0.0011911030275759257
Mick Harford,https://fbref.com/en/players/a8ef11f7/Mick-Harford,0.0011854311083969926
John Scales,https://fbref.com/en/players/1c67bd76/John-Scales,0.0011854311083969926
Callum Hudson-Odoi,https://fbref.com/en/players/15f3ec41/Callum-Hudson-Odoi,0.0011769232296285933
Rob Jones,https://fbref.com/en/players/ca7aff54/Rob-Jones,0.0011721966303128157
Stephen Foster,https://fbref.com/en/players/4c8f2100/Stephen-Foster,0.0011721966303128157
Leon Osman,https://fbref.com/en/players/a014c247/Leon-Osman,0.0011721966303128157
David Murphy,https://fbref.com/en/players/b05e73d5/David-Murphy,0.0011721966303128157
Justin Richards,https://fbref.com/en/players/1eebb934/Justin-Richards,0.0011721966303128157
Aaron Brown,https://fbref.com/en/players/831ba14a/Aaron-Brown,0.0011721966303128157
Chris Smith,https://fbref.com/en/players/d96b8049/Chris-Smith,0.0011721966303128157
Mark Wright,https://fbref.com/en/players/7f77fc15/Mark-Wright,0.0011721966303128157
Chris Palmer,https://fbref.com/en/players/2f1871e1/Chris-Palmer,0.0011721966303128157
Wayne Brown,https://fbref.com/en/players/c7ed2617/Wayne-Brown,0.0011721966303128157
Nick Fenton,https://fbref.com/en/players/b8108aea/Nick-Fenton,0.0011721966303128157
Lee Hughes,https://fbref.com/en/players/fd08b4e6/Lee-Hughes,0.0011721966303128157
Danny Hill,https://fbref.com/en/players/2055ed0e/Danny-Hill,0.0011343838357865958
Clive Allen,https://fbref.com/en/players/aff588b9/Clive-Allen,0.0011343838357865958
Andy Gray,https://fbref.com/en/players/af618250/Andy-Gray,0.0011343838357865958
Jay Smith,https://fbref.com/en/players/f729ed77/Jay-Smith,0.0011343838357865958
Peter Bonetti,https://fbref.com/en/players/0739412e/Peter-Bonetti,0.0011343838357865956
Paul Bracewell,https://fbref.com/en/players/383bd71f/Paul-Bracewell,0.001128711916607663
Nick Barmby,https://fbref.com/en/players/4af0a400/Nick-Barmby,0.001100352320712998
Darren Anderton,https://fbref.com/en/players/09cebe50/Darren-Anderton,0.001100352320712998
Francis Jeffers,https://fbref.com/en/players/21b2c885/Francis-Jeffers,0.001100352320712998
David Unsworth,https://fbref.com/en/players/05fcbb55/David-Unsworth,0.001100352320712998
Teddy Sheringham,https://fbref.com/en/players/4e56eef6/Teddy-Sheringham,0.0010776646439972662
Chris Smalling,https://fbref.com/en/players/b6964eb6/Chris-Smalling,0.0010634848460499336
Jamie Redknapp,https://fbref.com/en/players/c337443d/Jamie-Redknapp,0.0010436331289236682
Danny Mills,https://fbref.com/en/players/240e4301/Danny-Mills,0.0010436331289236682
Kieron Dyer,https://fbref.com/en/players/90b5a2f2/Kieron-Dyer,0.0010436331289236682
David Bentley,https://fbref.com/en/players/a00fbcec/David-Bentley,0.0010436331289236682
Chris Smith,https://fbref.com/en/players/9f084764/Chris-Smith,0.0010398518494710463
Magnus Norman,https://fbref.com/en/players/73410930/Magnus-Norman,0.0010351252501552687
Ruben Loftus-Cheek,https://fbref.com/en/players/e97fd090/Ruben-Loftus-Cheek,0.0010351252501552687
Jadon Sancho,https://fbref.com/en/players/dbf053da/Jadon-Sancho,0.0010351252501552687
Tammy Abraham,https://fbref.com/en/players/f586779e/Tammy-Abraham,0.0010351252501552687
Peter Beadle,https://fbref.com/en/players/e97b35c9/Peter-Beadle,0.0010209454522079363
Jermaine Brown,https://fbref.com/en/players/37118841/Jermaine-Brown,0.0010209454522079363
Tim Sherwood,https://fbref.com/en/players/885f0b51/Tim-Sherwood,0.0010209454522079363
Tony Adams,https://fbref.com/en/players/26b5e727/Tony-Adams,0.0010209454522079363
Gary Cohen,https://fbref.com/en/players/49d3f06b/Gary-Cohen,0.0010209454522079363
Luke Shaw,https://fbref.com/en/players/9c94165b/Luke-Shaw,0.0009925858563132714
Dean Ashton,https://fbref.com/en/players/093e333b/Dean-Ashton,0.0009869139371343383
Gary Charles,https://fbref.com/en/players/c20cb242/Gary-Charles,0.0009869139371343383
Jamie Brown,https://fbref.com/en/players/1cd09ba6/Jamie-Brown,0.0009831326576817164
Ashley Smith,https://fbref.com/en/players/8d1df117/Ashley-Smith,0.0009831326576817164
Charlie Henry,https://fbref.com/en/players/3ea1aa1c/Charlie-Henry,0.0009642262604186067
Oliver Allen,https://fbref.com/en/players/1630a0e4/Oliver-Allen,0.0009642262604186067
Paul Ince,https://fbref.com/en/players/3ce58c27/Paul-Ince,0.0009642262604186066
Daniel Bentley,https://fbref.com/en/players/68db6358/Daniel-Bentley,0.0009500464624712741
Paul Robson,https://fbref.com/en/players/db448b5c/Paul-Robson,0.0009301947453450086
Adrian Clarke,https://fbref.com/en/players/1e5959dc/Adrian-Clarke,0.0009301947453450086
Aaron Brown,https://fbref.com/en/players/1b7d3ae2/Aaron-Brown,0.0009301947453450086
Dominic Solanke,https://fbref.com/en/players/e77dc3b2/Dominic-Solanke,0.0009216868665766092
Mitchell Thomas,https://fbref.com/en/players/1906863d/Mitchell-Thomas,0.0009075070686292768
Alex Stepney,https://fbref.com/en/players/ec210c90/Alex-Stepney,0.0009075070686292767
Gary Stevens,https://fbref.com/en/players/80ee5db0/Gary-Stevens,0.0009075070686292767
Danielle Murphy,https://fbref.com/en/players/9a059df7/Danielle-Murphy,0.0009075070686292767
Ray Wilkins,https://fbref.com/en/players/05f2d7e3/Ray-Wilkins,0.0009075070686292767
Peter Osgood,https://fbref.com/en/players/bc479fe1/Peter-Osgood,0.0009075070686292767
Eddie Baily,https://fbref.com/en/players/9cf2ba03/Eddie-Baily,0.0009075070686292767
George Cohen,https://fbref.com/en/players/eb072aef/George-Cohen,0.0009075070686292767
Alfie Roberts,https://fbref.com/en/players/5a5b5859/Alfie-Roberts,0.0008886006713661668
Georgia Wilson,https://fbref.com/en/players/177a82f4/Georgia-Wilson,0.0008886006713661668
Corie Cole,https://fbref.com/en/players/87ba24eb/Corie-Cole,0.0008886006713661668
Declan Thompson,https://fbref.com/en/players/20b51a5a/Declan-Thompson,0.0008886006713661668
Dylan Thompson,https://fbref.com/en/players/f42c2f55/Dylan-Thompson,0.0008886006713661668
Ella Houghton,https://fbref.com/en/players/aec9f020/Ella-Houghton,0.0008886006713661668
Josh Allen,https://fbref.com/en/players/fe9e1369/Josh-Allen,0.0008886006713661668
Josh Flanagan,https://fbref.com/en/players/f013db21/Josh-Flanagan,0.0008886006713661668
Harry Allen,https://fbref.com/en/players/d7a45b26/Harry-Allen,0.0008886006713661668
Luke Cook,https://fbref.com/en/players/4be7254b/Luke-Cook,0.0008886006713661668
Billy Jones,https://fbref.com/en/players/df822711/Billy-Jones,0.0008886006713661668
Zain Walker,https://fbref.com/en/players/aac8d8ab/Zain-Walker,0.0008886006713661668
Max Norman,https://fbref.com/en/players/acea3b04/Max-Norman,0.0008886006713661668
Libby Smith,https://fbref.com/en/players/dca829b0/Libby-Smith,0.0008886006713661668
Kieran Phillips,https://fbref.com/en/players/95710a2c/Kieran-Phillips,0.0008886006713661668
Lewis Cunningham,https://fbref.com/en/players/99a60c0c/Lewis-Cunningham,0.0008886006713661668
Ashley McCarthy,https://fbref.com/en/players/035b1054/Ashley-McCarthy,0.0008886006713661668
Harry Baker,https://fbref.com/en/players/107a0026/Harry-Baker,0.0008886006713661668
Eden Bailey,https://fbref.com/en/players/47d99f92/Eden-Bailey,0.0008886006713661668
Callum Dobson,https://fbref.com/en/players/2fbaee20/Callum-Dobson,0.0008886006713661668
George Wilkinson,https://fbref.com/en/players/2e08e421/George-Wilkinson,0.0008886006713661668
Archie Jones,https://fbref.com/en/players/ef1661c7/Archie-Jones,0.0008886006713661668
Jak Stewart,https://fbref.com/en/players/1eaa4fa6/Jak-Stewart,0.0008886006713661668
Josh Stewart,https://fbref.com/en/players/98aa635c/Josh-Stewart,0.0008886006713661668
Jack Smith,https://fbref.com/en/players/534b6be3/Jack-Smith,0.0008886006713661668
Charlie Woods,https://fbref.com/en/players/011f069d/Charlie-Woods,0.0008886006713661668
Timmy Smith,https://fbref.com/en/players/94bd67a2/Timmy-Smith,0.0008886006713661668
Dion Dublin,https://fbref.com/en/players/a0886d18/Dion-Dublin,0.0008734755535556788
Charlie Smith,https://fbref.com/en/players/3260fb3e/Charlie-Smith,0.000850787876839947
Alex McCarthy,https://fbref.com/en/players/36c2ca73/Alex-McCarthy,0.0008507878768399469
Adam Smith,https://fbref.com/en/players/20b104bc/Adam-Smith,0.0008507878768399469
Andros Townsend,https://fbref.com/en/players/b28bbd58/Andros-Townsend,0.0008507878768399469
Jack Cork,https://fbref.com/en/players/74e12f1e/Jack-Cork,0.0008507878768399469
Eddie Howe,https://fbref.com/en/players/13ab2469/Eddie-Howe,0.0008507878768399469
Harry Kane,https://fbref.com/en/players/21a66f6a/Harry-Kane,0.0008507878768399469
Nathaniel Clyne,https://fbref.com/en/players/0442183b/Nathaniel-Clyne,0.0008507878768399469
James Tarkowski,https://fbref.com/en/players/15ea812b/James-Tarkowski,0.0008479519172504803
Jordan Henderson,https://fbref.com/en/players/935e6b8f/Jordan-Henderson,0.0008479519172504803
Ross Barkley,https://fbref.com/en/players/3a24769f/Ross-Barkley,0.0008479519172504803
Jack Powell,https://fbref.com/en/players/be3c83a5/Jack-Powell,0.000822428280945282
Joe Gomez,https://fbref.com/en/players/7a11550b/Joe-Gomez,0.000822428280945282
Jack Simpson,https://fbref.com/en/players/76fa5f80/Jack-Simpson,0.000822428280945282
Declan Rice,https://fbref.com/en/players/1c7012b8/Declan-Rice,0.000822428280945282
Ben Chilwell,https://fbref.com/en/players/d2424d1b/Ben-Chilwell,0.0008195923213558154
Nathaniel Chalobah,https://fbref.com/en/players/422862ea/Nathaniel-Chalobah,0.0008195923213558154
Jimmy Ball,https://fbref.com/en/players/ba63ed1e/Jimmy-Ball,0.0008195923213558154
Raheem Sterling,https://fbref.com/en/players/b400bde0/Raheem-Sterling,0.0008195923213558154
Calum Chambers,https://fbref.com/en/players/dc6f5bdd/Calum-Chambers,0.0008195923213558154
Mat Bailey,https://fbref.com/en/players/9df9a0b5/Mat-Bailey,0.000816756361766349
Michael Jones,https://fbref.com/en/players/b361377d/Michael-Jones,0.000816756361766349
Ben Smith,https://fbref.com/en/players/c470af2c/Ben-Smith,0.000816756361766349
Stephen Smith,https://fbref.com/en/players/1a165177/Stephen-Smith,0.000816756361766349
Richard Davies,https://fbref.com/en/players/199242ab/Richard-Davies,0.000816756361766349
Alvin Martin,https://fbref.com/en/players/2eb72478/Alvin-Martin,0.0008167563617663489
Geoff Thomas,https://fbref.com/en/players/6e7dda12/Geoff-Thomas,0.0008167563617663489
Andy Sinton,https://fbref.com/en/players/d74cafe4/Andy-Sinton,0.0008167563617663489
Steve Bould,https://fbref.com/en/players/42e0fd3a/Steve-Bould,0.0008167563617663489
Nigel Martyn,https://fbref.com/en/players/8977904e/Nigel-Martyn,0.0008167563617663489
Brian Deane,https://fbref.com/en/players/909a4bb4/Brian-Deane,0.0008167563617663489
Lee Dixon,https://fbref.com/en/players/b6ba1615/Lee-Dixon,0.0008167563617663489
Nigel Winterburn,https://fbref.com/en/players/0672e24e/Nigel-Winterburn,0.0008167563617663489
John Barnes,https://fbref.com/en/players/e654196b/John-Barnes,0.0008167563617663489
Martin Keown,https://fbref.com/en/players/b844a204/Martin-Keown,0.0008167563617663489
David Seaman,https://fbref.com/en/players/2d578837/David-Seaman,0.0008167563617663489
Alex Brown,https://fbref.com/en/players/c3061422/Alex-Brown,0.0007940686850506172
Djed Spence,https://fbref.com/en/players/9bc9a519/Djed-Spence,0.0007940686850506172
Abbey Jones,https://fbref.com/en/players/580bd02f/Abbey-Jones,0.0007940686850506172
George Smith,https://fbref.com/en/players/a55b5a8c/George-Smith,0.0007940686850506172
Jack Powell,https://fbref.com/en/players/ba2ac274/Jack-Powell,0.0007940686850506172
Jamie Smith,https://fbref.com/en/players/13566416/Jamie-Smith,0.0007940686850506172
Ben Billingham,https://fbref.com/en/players/a234129e/Ben-Billingham,0.0007940686850506172
Christopher Mason,https://fbref.com/en/players/730e5fa7/Christopher-Mason,0.0007940686850506172
Martin Peters,https://fbref.com/en/players/408e0de5/Martin-Peters,0.0007940686850506172
George Burton,https://fbref.com/en/players/1d80ce9f/George-Burton,0.0007940686850506172
Ali Johnson,https://fbref.com/en/players/4ba2c39a/Ali-Johnson,0.0007940686850506172
Jack Smith,https://fbref.com/en/players/e8b08939/Jack-Smith,0.0007940686850506172
Jack Smith,https://fbref.com/en/players/69de96da/Jack-Smith,0.0007940686850506172
Richard Greaves,https://fbref.com/en/players/bba28bdd/Richard-Greaves,0.0007940686850506172
Tony Witter,https://fbref.com/en/players/e81b47f3/Tony-Witter,0.0007940686850506172
George West,https://fbref.com/en/players/7545b678/George-West,0.0007940686850506172
Rhys King,https://fbref.com/en/players/26dcae19/Rhys-King,0.0007940686850506172
Amy Martin,https://fbref.com/en/players/0f237f87/Amy-Martin,0.0007940686850506172
Ben Johnson,https://fbref.com/en/players/9319781b/Ben-Johnson,0.0007940686850506172
James Sharp,https://fbref.com/en/players/b84c0d21/James-Sharp,0.0007940686850506172
Kevin Hunt,https://fbref.com/en/players/bd034195/Kevin-Hunt,0.0007940686850506172
Richard Smith,https://fbref.com/en/players/8580280e/Richard-Smith,0.0007940686850506172
Cory Harvey,https://fbref.com/en/players/127f3d71/Cory-Harvey,0.0007940686850506172
Conor Roberts,https://fbref.com/en/players/485b3dbf/Conor-Roberts,0.0007940686850506172
Matty Walters,https://fbref.com/en/players/94e5f240/Matty-Walters,0.0007940686850506172
Jordan Smith,https://fbref.com/en/players/0a0c49ee/Jordan-Smith,0.0007940686850506172
Brendan Brown,https://fbref.com/en/players/832e87cd/Brendan-Brown,0.0007940686850506172
Ian Richardson,https://fbref.com/en/players/1b214bd4/Ian-Richardson,0.0007940686850506172
Charley Robertson,https://fbref.com/en/players/267907f6/Charley-Robertson,0.0007940686850506172
Richard Davies,https://fbref.com/en/players/1f25e10e/Richard-Davies,0.0007940686850506172
Chris Rowney,https://fbref.com/en/players/c07dc59e/Chris-Rowney,0.0007940686850506172
Jack Atkinson,https://fbref.com/en/players/d02d0b99/Jack-Atkinson,0.0007940686850506172
Cameron Allen,https://fbref.com/en/players/0868018f/Cameron-Allen,0.0007940686850506172
Justin Fashanu,https://fbref.com/en/players/25c73340/Justin-Fashanu,0.0007940686850506172
Steve Foster,https://fbref.com/en/players/5b9db046/Steve-Foster,0.0007940686850506172
Danny Wallace,https://fbref.com/en/players/8522c5d0/Danny-Wallace,0.0007940686850506172
Lewis Cook,https://fbref.com/en/players/75f84c14/Lewis-Cook,0.0007940686850506172
Hannah Hampton,https://fbref.com/en/players/87f3ffa4/Hannah-Hampton,0.0007912327254611508
Darnell Johnson,https://fbref.com/en/players/8eaf6aea/Darnell-Johnson,0.0007912327254611508
Jess Carter,https://fbref.com/en/players/bb5e99fc/Jess-Carter,0.0007912327254611508
Timmy Abraham,https://fbref.com/en/players/94ad5868/Timmy-Abraham,0.0007912327254611508
Adam Brown,https://fbref.com/en/players/f8456713/Adam-Brown,0.0007600371699770193
Michael Owen,https://fbref.com/en/players/88b3f52c/Michael-Owen,0.0007600371699770193
Michael Brown,https://fbref.com/en/players/20d63c18/Michael-Brown,0.0007600371699770193
Jonathan Smith,https://fbref.com/en/players/ba249f27/Jonathan-Smith,0.0007600371699770193
Phil Neville,https://fbref.com/en/players/3db5e0ec/Phil-Neville,0.0007600371699770193
Gavin Johnson,https://fbref.com/en/players/0a548b42/Gavin-Johnson,0.0007600371699770193
Gary Brown,https://fbref.com/en/players/a5558352/Gary-Brown,0.0007600371699770193
Dean Oliver,https://fbref.com/en/players/d6dbfdee/Dean-Oliver,0.0007600371699770193
Sam Williamson,https://fbref.com/en/players/241ffd0f/Sam-Williamson,0.0007600371699770193
Anthony Peacock,https://fbref.com/en/players/fb5a8fa3/Anthony-Peacock,0.0007600371699770193
Adam Baker,https://fbref.com/en/players/c1aaeac4/Adam-Baker,0.0007600371699770193
Terry Smith,https://fbref.com/en/players/fa2f921f/Terry-Smith,0.0007600371699770193
Gary Neville,https://fbref.com/en/players/1b013e33/Gary-Neville,0.0007600371699770193
Nicky Butt,https://fbref.com/en/players/616b3f9a/Nicky-Butt,0.0007600371699770193
Clive Wilson,https://fbref.com/en/players/de2ad53e/Clive-Wilson,0.0007600371699770193
David Platt,https://fbref.com/en/players/eded06bf/David-Platt,0.0007600371699770193
Michael Thomas,https://fbref.com/en/players/767f199f/Michael-Thomas,0.0007600371699770193
Chris Rowney,https://fbref.com/en/players/876805e7/Chris-Rowney,0.0007600371699770193
Jamie Forrester,https://fbref.com/en/players/32f6c811/Jamie-Forrester,0.0007600371699770193
Paul Scholes,https://fbref.com/en/players/24a3a72c/Paul-Scholes,0.0007600371699770193
Ben Roberts,https://fbref.com/en/players/c6816db7/Ben-Roberts,0.0007600371699770193
James Beattie,https://fbref.com/en/players/7c881089/James-Beattie,0.0007600371699770193
Terry Fenwick,https://fbref.com/en/players/437743fd/Terry-Fenwick,0.0007600371699770193
Robbie Fowler,https://fbref.com/en/players/7cd34266/Robbie-Fowler,0.0007600371699770193
Alan Wright,https://fbref.com/en/players/df6cf3fe/Alan-Wright,0.0007600371699770193
Gary Mabbutt,https://fbref.com/en/players/be519c25/Gary-Mabbutt,0.0007600371699770193
Ben Watson,https://fbref.com/en/players/b79946c9/Ben-Watson,0.0007600371699770193
Matt Richards,https://fbref.com/en/players/ccc1e932/Matt-Richards,0.0007600371699770193
Ben George,https://fbref.com/en/players/650cd6c9/Ben-George,0.0007600371699770193
Terry Cooke,https://fbref.com/en/players/747ec8b1/Terry-Cooke,0.0007600371699770193
Ben Wilkinson,https://fbref.com/en/players/040965e2/Ben-Wilkinson,0.0007600371699770193
Chris Wood,https://fbref.com/en/players/ef9c86f5/Chris-Wood,0.0007600371699770193
George Webb,https://fbref.com/en/players/4ff9fc06/George-Webb,0.0007600371699770193
Jake Simpson,https://fbref.com/en/players/74f64fdd/Jake-Simpson,0.0007600371699770193
Mark Bright,https://fbref.com/en/players/681a0456/Mark-Bright,0.0007600371699770193
Paul Stewart,https://fbref.com/en/players/91aca8f3/Paul-Stewart,0.0007600371699770193
Greg Mills,https://fbref.com/en/players/e745a9f0/Greg-Mills,0.0007600371699770193
Charlie Stimson,https://fbref.com/en/players/5408a96a/Charlie-Stimson,0.0007600371699770193
Andrew Smith,https://fbref.com/en/players/b344708e/Andrew-Smith,0.0007600371699770193
Steve Stone,https://fbref.com/en/players/4592c48e/Steve-Stone,0.0007600371699770193
Phil Jevons,https://fbref.com/en/players/2a920598/Phil-Jevons,0.0007600371699770193
Joe Brown,https://fbref.com/en/players/38f3c2dd/Joe-Brown,0.0007600371699770193
Adam Smith,https://fbref.com/en/players/1ad65f7e/Adam-Smith,0.0007600371699770193
Lee Hendrie,https://fbref.com/en/players/8716663c/Lee-Hendrie,0.0007600371699770193
Jamie Carragher,https://fbref.com/en/players/d0ebce19/Jamie-Carragher,0.0007600371699770193
Jake Livermore,https://fbref.com/en/players/b98570d1/Jake-Livermore,0.0007373494932612874
Jonjo Shelvey,https://fbref.com/en/players/3727dd3c/Jonjo-Shelvey,0.0007373494932612874
Carl Jenkinson,https://fbref.com/en/players/874125a3/Carl-Jenkinson,0.0007373494932612874
Rob Hunt,https://fbref.com/en/players/0d4e5b6f/Rob-Hunt,0.0007089898973666225
Harry Winks,https://fbref.com/en/players/2f7acede/Harry-Winks,0.0007089898973666225
Lewis Page,https://fbref.com/en/players/54d79726/Lewis-Page,0.0007089898973666225
Steve Howey,https://fbref.com/en/players/c1dd78cb/Steve-Howey,0.0007033179781876894
Richard Walker,https://fbref.com/en/players/8965ec2a/Richard-Walker,0.0007033179781876894
Darius Vassell,https://fbref.com/en/players/e342b5e7/Darius-Vassell,0.0007033179781876894
Steve McManaman,https://fbref.com/en/players/9be05f40/Steve-McManaman,0.0007033179781876894
Owen Hargreaves,https://fbref.com/en/players/1b2b5b86/Owen-Hargreaves,0.0007033179781876894
Dean Sturridge,https://fbref.com/en/players/70e13fa1/Dean-Sturridge,0.0007033179781876894
Gavin McCann,https://fbref.com/en/players/d1e78f75/Gavin-McCann,0.0007033179781876894
Trevor Morley,https://fbref.com/en/players/3ce7fe15/Trevor-Morley,0.0007033179781876894
Danny Thomas,https://fbref.com/en/players/3976ec1c/Danny-Thomas,0.0007033179781876894
Tommy Johnson,https://fbref.com/en/players/e8fa6f69/Tommy-Johnson,0.0007033179781876894
Alan Smith,https://fbref.com/en/players/0b7b04d2/Alan-Smith,0.0007033179781876894
Alan Thompson,https://fbref.com/en/players/2eaac012/Alan-Thompson,0.0007033179781876894
Jason Wilcox,https://fbref.com/en/players/6b9fa9ad/Jason-Wilcox,0.0007033179781876894
Phil Barnes,https://fbref.com/en/players/2997e705/Phil-Barnes,0.0007033179781876894
Michael Gray,https://fbref.com/en/players/fefae709/Michael-Gray,0.0007033179781876894
Michael Ball,https://fbref.com/en/players/cde17c0f/Michael-Ball,0.0007033179781876894
Andy Campbell,https://fbref.com/en/players/8dde3e19/Andy-Campbell,0.0007033179781876894
Lee Johnson,https://fbref.com/en/players/5be44630/Lee-Johnson,0.0007033179781876894
Alan Shearer,https://fbref.com/en/players/438b3a51/Alan-Shearer,0.0007033179781876894
Gary Mills,https://fbref.com/en/players/894928f7/Gary-Mills,0.0007033179781876894
Greg Young,https://fbref.com/en/players/44fc9b67/Greg-Young,0.0007033179781876894
Lee Sharpe,https://fbref.com/en/players/2143398b/Lee-Sharpe,0.0007033179781876894
Barry Richardson,https://fbref.com/en/players/56443e59/Barry-Richardson,0.0006995366987350676
Alf Ramsey,https://fbref.com/en/players/fb327af2/Alf-Ramsey,0.0006806303014719575
Mick Mills,https://fbref.com/en/players/366a0f3b/Mick-Mills,0.0006806303014719575
Ben Wright,https://fbref.com/en/players/8e5278f2/Ben-Wright,0.0006806303014719575
Trevor Brooking,https://fbref.com/en/players/a563e493/Trevor-Brooking,0.0006806303014719575
Cole Palmer,https://fbref.com/en/players/dc7f8a28/Cole-Palmer,0.0006777943418824911
Drey Wright,https://fbref.com/en/players/e0694349/Drey-Wright,0.0006522707055772927
Elliott Johnson,https://fbref.com/en/players/9b01a154/Elliott-Johnson,0.0006522707055772927
Kiano Dyer,https://fbref.com/en/players/b43204f6/Kiano-Dyer,0.0006494347459878261
Michael Allen,https://fbref.com/en/players/bd2277cb/Michael-Allen,0.0006494347459878261
Dave Walton,https://fbref.com/en/players/10d602d4/Dave-Walton,0.0006465987863983596
Steve Tully,https://fbref.com/en/players/49b627c6/Steve-Tully,0.0006465987863983596
Richard Walker,https://fbref.com/en/players/14bd3bf3/Richard-Walker,0.0006465987863983596
Rob Jones,https://fbref.com/en/players/cd6a211c/Rob-Jones,0.0006465987863983596
Andy Duncan,https://fbref.com/en/players/0148e894/Andy-Duncan,0.0006465987863983596
Stephen Hunt,https://fbref.com/en/players/db08ffe9/Stephen-Hunt,0.0006465987863983596
Michael Carr,https://fbref.com/en/players/61190b76/Michael-Carr,0.0006465987863983596
Paul Robinson,https://fbref.com/en/players/a1a9da94/Paul-Robinson,0.0006465987863983596
Simon Weaver,https://fbref.com/en/players/d2697d0a/Simon-Weaver,0.0006465987863983596
Adie Smith,https://fbref.com/en/players/8a44cc88/Adie-Smith,0.0006465987863983596
Francis Green,https://fbref.com/en/players/47369bd1/Francis-Green,0.0006465987863983596
Gary Jones,https://fbref.com/en/players/852ccc76/Gary-Jones,0.0006465987863983596
Richie Barker,https://fbref.com/en/players/68739592/Richie-Barker,0.0006465987863983596
Ben Smith,https://fbref.com/en/players/9a42b75f/Ben-Smith,0.0006465987863983596
Alex Smith,https://fbref.com/en/players/e17de3bd/Alex-Smith,0.0006465987863983596
James Robinson,https://fbref.com/en/players/2a3ccc19/James-Robinson,0.0006465987863983596
Tom Williamson,https://fbref.com/en/players/d20f5b9d/Tom-Williamson,0.0006465987863983596
Jeff Smith,https://fbref.com/en/players/d723710b/Jeff-Smith,0.0006465987863983596
Ryan Robinson,https://fbref.com/en/players/08487163/Ryan-Robinson,0.0006465987863983596
Seth Johnson,https://fbref.com/en/players/5915b54c/Seth-Johnson,0.0006465987863983596
Sue Smith,https://fbref.com/en/players/f61b084c/Sue-Smith,0.0006465987863983596
Simon Johnson,https://fbref.com/en/players/dca18241/Simon-Johnson,0.0006465987863983596
Michael Ricketts,https://fbref.com/en/players/3099ed37/Michael-Ricketts,0.0006465987863983596
Eddie Johnson,https://fbref.com/en/players/391c966a/Eddie-Johnson,0.0006465987863983596
Jonny Dixon,https://fbref.com/en/players/4fef037b/Jonny-Dixon,0.0006465987863983596
Steve Foster,https://fbref.com/en/players/b79e92d6/Steve-Foster,0.0006465987863983596
Mark Bailey,https://fbref.com/en/players/b4aff8c0/Mark-Bailey,0.0006465987863983596
Kyle Walker,https://fbref.com/en/players/86dd77d1/Kyle-Walker,0.0006352549480404937
Joel Ward,https://fbref.com/en/players/8a7ff278/Joel-Ward,0.0006352549480404937
Callum Wilson,https://fbref.com/en/players/c596fcb0/Callum-Wilson,0.0006352549480404937
Tom Parkes,https://fbref.com/en/players/87a8e452/Tom-Parkes,0.0006352549480404937
Fraser Forster,https://fbref.com/en/players/c3e39f12/Fraser-Forster,0.0006352549480404937
Alex Oxlade-Chamberlain,https://fbref.com/en/players/38c7feef/Alex-Oxlade-Chamberlain,0.0006352549480404937
Tom Huddlestone,https://fbref.com/en/players/464cbbc9/Tom-Huddlestone,0.0006352549480404937
Aaron Cresswell,https://fbref.com/en/players/4f974391/Aaron-Cresswell,0.0006352549480404937
Martin Kelly,https://fbref.com/en/players/d7492450/Martin-Kelly,0.0006352549480404937
Danny Ings,https://fbref.com/en/players/07802f7f/Danny-Ings,0.0006352549480404937
Joe Hart,https://fbref.com/en/players/cb4f24c6/Joe-Hart,0.0006352549480404937
Jack Butland,https://fbref.com/en/players/cc70a1d5/Jack-Butland,0.0006352549480404937
Scott Carson,https://fbref.com/en/players/3e1550ee/Scott-Carson,0.0006352549480404937
Andy Carroll,https://fbref.com/en/players/b581987a/Andy-Carroll,0.0006352549480404937
Danny Welbeck,https://fbref.com/en/players/ce5143da/Danny-Welbeck,0.0006352549480404937
Kieran Trippier,https://fbref.com/en/players/21512407/Kieran-Trippier,0.0006352549480404937
Barney Williams,https://fbref.com/en/players/4b2d9c21/Barney-Williams,0.0006239111096826278
Bobby Moore,https://fbref.com/en/players/df7fbe9d/Bobby-Moore,0.0006239111096826278
Kerry Dixon,https://fbref.com/en/players/fb72e11f/Kerry-Dixon,0.0006239111096826278
Ashley Fletcher,https://fbref.com/en/players/eeb6551f/Ashley-Fletcher,0.0006068953521458288
Joel Coleman,https://fbref.com/en/players/b73e459a/Joel-Coleman,0.0006068953521458288
Dean Henderson,https://fbref.com/en/players/e5a76dfe/Dean-Henderson,0.0006068953521458288
Jesse Lingard,https://fbref.com/en/players/810e3c74/Jesse-Lingard,0.0006068953521458288
James Ward-Prowse,https://fbref.com/en/players/3515d404/James-Ward-Prowse,0.0006068953521458288
William Mannion,https://fbref.com/en/players/02bed2cb/William-Mannion,0.0006068953521458288
Nick Pope,https://fbref.com/en/players/4b40d9ca/Nick-Pope,0.0006068953521458288
Danny Johnson,https://fbref.com/en/players/fb8c7c98/Danny-Johnson,0.0006068953521458288
Harry Smith,https://fbref.com/en/players/83f19532/Harry-Smith,0.0006068953521458288
Kalvin Phillips,https://fbref.com/en/players/4f565d77/Kalvin-Phillips,0.0006068953521458288
Jack Payne,https://fbref.com/en/players/edfbda18/Jack-Payne,0.0006068953521458288
Eric Dier,https://fbref.com/en/players/ac861941/Eric-Dier,0.0006068953521458288
Dele Alli,https://fbref.com/en/players/cea4ee8f/Dele-Alli,0.0006068953521458288
Richard Walker,https://fbref.com/en/players/3492eaf9/Richard-Walker,0.0005898795946090298
Chris Allen,https://fbref.com/en/players/88a68b02/Chris-Allen,0.0005898795946090298
Steve Bowey,https://fbref.com/en/players/2a77d5ee/Steve-Bowey,0.0005898795946090298
Mark Salter,https://fbref.com/en/players/e3820db7/Mark-Salter,0.0005898795946090298
Lee Shearer,https://fbref.com/en/players/b4ea99d1/Lee-Shearer,0.0005898795946090298
Peter Thomson,https://fbref.com/en/players/3973a543/Peter-Thomson,0.0005898795946090298
David Watson,https://fbref.com/en/players/26efe836/David-Watson,0.0005898795946090298
Gary Bradshaw,https://fbref.com/en/players/554a4ed0/Gary-Bradshaw,0.0005898795946090298
Steve Bushell,https://fbref.com/en/players/dbd5978a/Steve-Bushell,0.0005898795946090298
David Soames,https://fbref.com/en/players/9e58aa8a/David-Soames,0.0005898795946090298
Steve Williams,https://fbref.com/en/players/745f786f/Steve-Williams,0.0005898795946090298
Shaun Smith,https://fbref.com/en/players/9cc428b1/Shaun-Smith,0.0005898795946090298
Jason Smith,https://fbref.com/en/players/c5893726/Jason-Smith,0.0005898795946090298
Phil Walsh,https://fbref.com/en/players/732921d8/Phil-Walsh,0.0005898795946090298
Richard Smith,https://fbref.com/en/players/0e0006a4/Richard-Smith,0.0005898795946090298
Paul Robinson,https://fbref.com/en/players/c4835d80/Paul-Robinson,0.0005898795946090298
Nicky Hill,https://fbref.com/en/players/f9de7b67/Nicky-Hill,0.0005898795946090298
Jim Rodwell,https://fbref.com/en/players/e14d9adb/Jim-Rodwell,0.0005898795946090298
Joe Parkinson,https://fbref.com/en/players/6782fb8f/Joe-Parkinson,0.0005898795946090298
Ryan Mallon,https://fbref.com/en/players/b11239d6/Ryan-Mallon,0.0005898795946090298
Sam McMahon,https://fbref.com/en/players/0f3338a6/Sam-McMahon,0.0005898795946090298
Steve McMahon,https://fbref.com/en/players/4f36a7fc/Steve-McMahon,0.0005898795946090298
Ben Morley,https://fbref.com/en/players/04b87aa7/Ben-Morley,0.0005898795946090298
Barry Jones,https://fbref.com/en/players/c99c7a71/Barry-Jones,0.0005898795946090298
Sonny Parker,https://fbref.com/en/players/c26b52f0/Sonny-Parker,0.0005898795946090298
Jon Richardson,https://fbref.com/en/players/49d2543b/Jon-Richardson,0.0005898795946090298
John Cunliffe,https://fbref.com/en/players/70ca67c2/John-Cunliffe,0.0005898795946090298
Jaden Brown,https://fbref.com/en/players/aeabe05a/Jaden-Brown,0.0005785357562511638
Amy Turner,https://fbref.com/en/players/a21edf38/Amy-Turner,0.0005785357562511638
Adam Lallana,https://fbref.com/en/players/99813635/Adam-Lallana,0.000567191917893298
Jack Payne,https://fbref.com/en/players/c7010c0b/Jack-Payne,0.000567191917893298
Ashley Young,https://fbref.com/en/players/be927d03/Ashley-Young,0.000567191917893298
Paul Walsh,https://fbref.com/en/players/4bf0b7a5/Paul-Walsh,0.0005671919178932979
Jimmy Dickinson,https://fbref.com/en/players/7f0fd8de/Jimmy-Dickinson,0.0005671919178932979
Neil Webb,https://fbref.com/en/players/602d0a35/Neil-Webb,0.0005671919178932979
Grant Smith,https://fbref.com/en/players/a289aca0/Grant-Smith,0.0005388323219986331
Paul Gascoigne,https://fbref.com/en/players/56c33229/Paul-Gascoigne,0.0005331604028197001
Bryan Robson,https://fbref.com/en/players/40d8240b/Bryan-Robson,0.0005331604028197001
Nigel Clough,https://fbref.com/en/players/3cd439de/Nigel-Clough,0.0005331604028197001
Gary Mills,https://fbref.com/en/players/9225c3af/Gary-Mills,0.0005331604028197001
Phil Neal,https://fbref.com/en/players/c039320e/Phil-Neal,0.0005104727261039682
Paul Holmes,https://fbref.com/en/players/6d4ace8b/Paul-Holmes,0.0005104727261039682
Sian Williams,https://fbref.com/en/players/b0753cca/Sian-Williams,0.0005104727261039682
Viv Anderson,https://fbref.com/en/players/6484efd1/Viv-Anderson,0.0005104727261039682
Gerry Byrne,https://fbref.com/en/players/7a76eaa7/Gerry-Byrne,0.00047644121103037024
Terry McDermott,https://fbref.com/en/players/93c9aed3/Terry-McDermott,0.00047644121103037024
Roy Bentley,https://fbref.com/en/players/20a6e4b1/Roy-Bentley,0.00047644121103037024
Bill Eckersley,https://fbref.com/en/players/fba5914c/Bill-Eckersley,0.00047644121103037024
Jackie Milburn,https://fbref.com/en/players/2adab4a5/Jackie-Milburn,0.00047644121103037024
Alan Peacock,https://fbref.com/en/players/097af907/Alan-Peacock,0.00047644121103037024
Tony Dorigo,https://fbref.com/en/players/451c459e/Tony-Dorigo,0.00047644121103037024
Trevor Steven,https://fbref.com/en/players/df7b1ad8/Trevor-Steven,0.00047644121103037024
Stan Mortensen,https://fbref.com/en/players/51237a42/Stan-Mortensen,0.00047644121103037024
Keith Newton,https://fbref.com/en/players/b214b1c9/Keith-Newton,0.00047644121103037024
Ted Ditchburn,https://fbref.com/en/players/4e53db1a/Ted-Ditchburn,0.00047644121103037024
Paul Mariner,https://fbref.com/en/players/3ef7cc2d/Paul-Mariner,0.00047644121103037024
Carlton Palmer,https://fbref.com/en/players/45fdede4/Carlton-Palmer,0.00047644121103037024
Keith Curle,https://fbref.com/en/players/dfdd51ba/Keith-Curle,0.00047644121103037024
Steve Bull,https://fbref.com/en/players/b6a3e47e/Steve-Bull,0.00047644121103037024
Terry Paine,https://fbref.com/en/players/be276d89/Terry-Paine,0.00047644121103037024
Francis Lee,https://fbref.com/en/players/ce222219/Francis-Lee,0.00047644121103037024
Wilf Mannion,https://fbref.com/en/players/43899165/Wilf-Mannion,0.00047644121103037024
Phil Thompson,https://fbref.com/en/players/4a1869ae/Phil-Thompson,0.00047644121103037024
Andy Hinchcliffe,https://fbref.com/en/players/4bb95ffe/Andy-Hinchcliffe,0.00047644121103037024
Tommy Wright,https://fbref.com/en/players/32899946/Tommy-Wright,0.00047644121103037024
Emlyn Hughes,https://fbref.com/en/players/1263a60a/Emlyn-Hughes,0.00047644121103037024
Laurie Hughes,https://fbref.com/en/players/d0fd81d1/Laurie-Hughes,0.00047644121103037024
Stan Anderson,https://fbref.com/en/players/4886dd6a/Stan-Anderson,0.00047644121103037024
Jeff Astle,https://fbref.com/en/players/f85cde3c/Jeff-Astle,0.00047644121103037024
Chris Woods,https://fbref.com/en/players/6148af60/Chris-Woods,0.00047644121103037024
Tony Woodcock,https://fbref.com/en/players/74ee448e/Tony-Woodcock,0.00047644121103037024
Peter Withe,https://fbref.com/en/players/1f3a4d09/Peter-Withe,0.00047644121103037024
Gary Bailey,https://fbref.com/en/players/c676307b/Gary-Bailey,0.00047644121103037024
Mark Hateley,https://fbref.com/en/players/0f8dd17f/Mark-Hateley,0.00047644121103037024
Bert Williams,https://fbref.com/en/players/c86cb66c/Bert-Williams,0.00047644121103037024
Steve Guppy,https://fbref.com/en/players/3c05bb47/Steve-Guppy,0.00047644121103037024
Willie Watson,https://fbref.com/en/players/ab672d14/Willie-Watson,0.00047644121103037024
Trevor Francis,https://fbref.com/en/players/849dbec1/Trevor-Francis,0.00047644121103037024
Kevin Keegan,https://fbref.com/en/players/3f39a996/Kevin-Keegan,0.00047644121103037024
Steve Foster,https://fbref.com/en/players/6d722254/Steve-Foster,0.00047644121103037024
Brian Labone,https://fbref.com/en/players/bdc55621/Brian-Labone,0.00047644121103037024
Tim Flowers,https://fbref.com/en/players/df3b6e40/Tim-Flowers,0.00047644121103037024
Matt Le Tissier,https://fbref.com/en/players/d5e78451/Matt-Le-Tissier,0.00047644121103037024
Des Walker,https://fbref.com/en/players/4e1b2261/Des-Walker,0.00047644121103037024
Chris Waddle,https://fbref.com/en/players/27215170/Chris-Waddle,0.00047644121103037024
David Batty,https://fbref.com/en/players/21b2e37b/David-Batty,0.00047644121103037024
Bobby Smith,https://fbref.com/en/players/36a8eb8b/Bobby-Smith,0.00047644121103037024
Colin Bell,https://fbref.com/en/players/b4bbe571/Colin-Bell,0.00047644121103037024
Ian Callaghan,https://fbref.com/en/players/c19c62a0/Ian-Callaghan,0.00047644121103037024
Henry Cockburn,https://fbref.com/en/players/4737e07c/Henry-Cockburn,0.00047644121103037024
Terry Cooper,https://fbref.com/en/players/70762608/Terry-Cooper,0.00047644121103037024
Stuart Ripley,https://fbref.com/en/players/6516188c/Stuart-Ripley,0.00047644121103037024
Colin Cooper,https://fbref.com/en/players/42f93b8f/Colin-Cooper,0.00047644121103037024
Joe Corrigan,https://fbref.com/en/players/a983b257/Joe-Corrigan,0.00047644121103037024
Ray Clemence,https://fbref.com/en/players/c156c40a/Ray-Clemence,0.00047644121103037024
Allan Clarke,https://fbref.com/en/players/0bfbbcc6/Allan-Clarke,0.00047644121103037024
Allenby Chilton,https://fbref.com/en/players/5bdab092/Allenby-Chilton,0.00047644121103037024
Laurie Scott,https://fbref.com/en/players/104dd2e8/Laurie-Scott,0.00047644121103037024
Steve Coppell,https://fbref.com/en/players/d4cc96f5/Steve-Coppell,0.00047644121103037024
Jordan Brown,https://fbref.com/en/players/f5f4fdd2/Jordan-Brown,0.00046509737267250433
Harry Maguire,https://fbref.com/en/players/d8931174/Harry-Maguire,0.00046509737267250433
Jack Robinson,https://fbref.com/en/players/7399c7a8/Jack-Robinson,0.00046509737267250433
Nathan Thompson,https://fbref.com/en/players/89a323f2/Nathan-Thompson,0.00046509737267250433
John Stones,https://fbref.com/en/players/5eecec3d/John-Stones,0.00046509737267250433
Archie Gray,https://fbref.com/en/players/f58515f5/Archie-Gray,0.00046509737267250433
Harry Davis,https://fbref.com/en/players/04d0f653/Harry-Davis,0.00046509737267250433
Tom White,https://fbref.com/en/players/4e67f277/Tom-White,0.00046509737267250433
Aaron Martin,https://fbref.com/en/players/2b118830/Aaron-Martin,0.00046509737267250433
Jake Robinson,https://fbref.com/en/players/3c5c777f/Jake-Robinson,0.00046509737267250433
Jamie Vardy,https://fbref.com/en/players/45963054/Jamie-Vardy,0.00046509737267250433
John Ruddy,https://fbref.com/en/players/da8b19e2/John-Ruddy,0.00046509737267250433
Mike Jones,https://fbref.com/en/players/a8771fa1/Mike-Jones,0.00046509737267250433
Jay Rodriguez,https://fbref.com/en/players/4ab53cdb/Jay-Rodriguez,0.00046509737267250433
Jordan Pickford,https://fbref.com/en/players/4806ec67/Jordan-Pickford,0.00046509737267250433
Luke Young,https://fbref.com/en/players/34271322/Luke-Young,0.00046509737267250433
Tom Smith,https://fbref.com/en/players/6143cc51/Tom-Smith,0.00046509737267250433
Jack Colback,https://fbref.com/en/players/963a9201/Jack-Colback,0.00046509737267250433
Tom Heaton,https://fbref.com/en/players/a6de6361/Tom-Heaton,0.00046509737267250433
Jack Rodwell,https://fbref.com/en/players/a07579ee/Jack-Rodwell,0.00046509737267250433
John Brayford,https://fbref.com/en/players/bab2f2a5/John-Brayford,0.00046509737267250433
Jack Hunt,https://fbref.com/en/players/60af9352/Jack-Hunt,0.00046509737267250433
Lewis Dunk,https://fbref.com/en/players/282f75f3/Lewis-Dunk,0.00046509737267250433
Danny Rose,https://fbref.com/en/players/d08e15e1/Danny-Rose,0.00046509737267250433
Aaron Henry,https://fbref.com/en/players/72b12581/Aaron-Henry,0.00046509737267250433
James Milner,https://fbref.com/en/players/2f90f6b8/James-Milner,0.00046509737267250433
Sebastian Williams,https://fbref.com/en/players/4ba209fd/Sebastian-Williams,0.00043673777677783946
Josh Robinson,https://fbref.com/en/players/5260ea6b/Josh-Robinson,0.00043673777677783946
Daniel Batty,https://fbref.com/en/players/4eb1ad2d/Daniel-Batty,0.00043673777677783946
Junior Robinson,https://fbref.com/en/players/ecb01ccb/Junior-Robinson,0.00043673777677783946
Jonathan Mitchell,https://fbref.com/en/players/ec4a766a/Jonathan-Mitchell,0.0004367377767778394
Charlie Cooper,https://fbref.com/en/players/9eadfbf2/Charlie-Cooper,0.0004367377767778394
Kenton Richardson,https://fbref.com/en/players/6ee319a2/Kenton-Richardson,0.0004367377767778394
George Taft,https://fbref.com/en/players/638de2eb/George-Taft,0.0004367377767778394
Jake Turner,https://fbref.com/en/players/b34c52c3/Jake-Turner,0.0004367377767778394
Jordan Richards,https://fbref.com/en/players/ed4a6fc0/Jordan-Richards,0.0004367377767778394
Jordan Richards,https://fbref.com/en/players/70991c20/Jordan-Richards,0.0004367377767778394
Daniel Batty,https://fbref.com/en/players/96c92a74/Daniel-Batty,0.0004367377767778394
George Miller,https://fbref.com/en/players/2d14140b/George-Miller,0.0004367377767778394
Marcus Rashford,https://fbref.com/en/players/a1d5bd30/Marcus-Rashford,0.0004367377767778394
Cal Roberts,https://fbref.com/en/players/8e9caf48/Cal-Roberts,0.0004367377767778394
Justin Johnson,https://fbref.com/en/players/f0cdb21c/Justin-Johnson,0.0004367377767778394
Trent Alexander-Arnold,https://fbref.com/en/players/cd1acf9d/Trent-Alexander-Arnold,0.0004367377767778394
Jerry Yates,https://fbref.com/en/players/637047f7/Jerry-Yates,0.0004367377767778394
Jamie Allen,https://fbref.com/en/players/2c183a79/Jamie-Allen,0.0004367377767778394
Liam Hughes,https://fbref.com/en/players/f20bdb6f/Liam-Hughes,0.0004367377767778394
Sam Austin,https://fbref.com/en/players/cc8b833a/Sam-Austin,0.0004367377767778394
Luke Hendrie,https://fbref.com/en/players/417134fe/Luke-Hendrie,0.0004367377767778394
Jeff Henderson,https://fbref.com/en/players/30970c01/Jeff-Henderson,0.0004367377767778394
Joe Rowley,https://fbref.com/en/players/73a5190e/Joe-Rowley,0.0004367377767778394
George Willis,https://fbref.com/en/players/cdd2f242/George-Willis,0.0004367377767778394
Sam Johnson,https://fbref.com/en/players/a8fe5f70/Sam-Johnson,0.0004367377767778394
Brad Walker,https://fbref.com/en/players/0861bc1a/Brad-Walker,0.0004367377767778394
Joe Williams,https://fbref.com/en/players/44c38f2e/Joe-Williams,0.0004367377767778394
Luke Wilkinson,https://fbref.com/en/players/909f5758/Luke-Wilkinson,0.0004367377767778394
Ryan Watson,https://fbref.com/en/players/11a3526b/Ryan-Watson,0.0004367377767778394
Will Smith,https://fbref.com/en/players/2a29198c/Will-Smith,0.0004367377767778394
Herbie Kane,https://fbref.com/en/players/9d25f51c/Herbie-Kane,0.0004367377767778394
Michael Keane,https://fbref.com/en/players/c5b7c315/Michael-Keane,0.0004367377767778394
Joe Ward,https://fbref.com/en/players/22f621af/Joe-Ward,0.0004367377767778394
Tyler Walker,https://fbref.com/en/players/6625dc22/Tyler-Walker,0.0004367377767778394
Connor Roberts,https://fbref.com/en/players/698fbe50/Connor-Roberts,0.0004367377767778394
Bryn Morris,https://fbref.com/en/players/f472d985/Bryn-Morris,0.0004367377767778394
Lewis Cook,https://fbref.com/en/players/2afc7272/Lewis-Cook,0.0004367377767778394
Sam Smith,https://fbref.com/en/players/231a0b44/Sam-Smith,0.0004367377767778394
Adam Campbell,https://fbref.com/en/players/e3aa211f/Adam-Campbell,0.0004367377767778394
Adam Smith,https://fbref.com/en/players/9425d9bf/Adam-Smith,0.0004367377767778394
Nathan Redmond,https://fbref.com/en/players/ab651565/Nathan-Redmond,0.0004367377767778394
Jordan Smith,https://fbref.com/en/players/cfca9c4e/Jordan-Smith,0.0004367377767778394
Connor Smith,https://fbref.com/en/players/e6569b54/Connor-Smith,0.0004367377767778394
Tommy Smith,https://fbref.com/en/players/e9208654/Tommy-Smith,0.0004367377767778394
Jonny Smith,https://fbref.com/en/players/4a20310b/Jonny-Smith,0.0004367377767778394
Joel Dixon,https://fbref.com/en/players/7ed390a2/Joel-Dixon,0.0004367377767778394
Arthur Read,https://fbref.com/en/players/60f00734/Arthur-Read,0.00042539393841997344
Cameron Mason,https://fbref.com/en/players/d581c3da/Cameron-Mason,0.00042539393841997344
Peter Shilton,https://fbref.com/en/players/9ee3b365/Peter-Shilton,0.0004197220192410405
Mark Wright,https://fbref.com/en/players/9995820e/Mark-Wright,0.0004197220192410405
Dave Watson,https://fbref.com/en/players/f41fba43/Dave-Watson,0.0004197220192410405
John Beresford,https://fbref.com/en/players/50d79fe2/John-Beresford,0.0004197220192410405
Peter Reid,https://fbref.com/en/players/c44c56e1/Peter-Reid,0.0004197220192410405
Tom Finney,https://fbref.com/en/players/457f5a21/Tom-Finney,0.0004197220192410405
Billy Wright,https://fbref.com/en/players/a10ef2b4/Billy-Wright,0.0004197220192410405
Kevin Richardson,https://fbref.com/en/players/cffbb5c8/Kevin-Richardson,0.0004197220192410405
Mark Walters,https://fbref.com/en/players/0e763b5b/Mark-Walters,0.0004197220192410405
Terry Butcher,https://fbref.com/en/players/dc8a37a6/Terry-Butcher,0.0004197220192410405
Barry Venison,https://fbref.com/en/players/aa15b4d9/Barry-Venison,0.0004197220192410405
Gary Pallister,https://fbref.com/en/players/f99beca9/Gary-Pallister,0.0004197220192410405
Earl Barrett,https://fbref.com/en/players/225696d1/Earl-Barrett,0.0004197220192410405
Steve McMahon,https://fbref.com/en/players/98faf70c/Steve-McMahon,0.0004197220192410405
Karen Walker,https://fbref.com/en/players/00dfcd23/Karen-Walker,0.0004197220192410405
Steve Hodge,https://fbref.com/en/players/5cd08cec/Steve-Hodge,0.0004197220192410405
Gordon Banks,https://fbref.com/en/players/82d95a5a/Gordon-Banks,0.0004197220192410405
Nigel Spink,https://fbref.com/en/players/cbdaf1c1/Nigel-Spink,0.0004197220192410405
David Hirst,https://fbref.com/en/players/e274c78d/David-Hirst,0.0004197220192410405
Gary Stevens,https://fbref.com/en/players/001cef58/Gary-Stevens,0.0004197220192410405
Brandon Williams,https://fbref.com/en/players/5e74d6c8/Brandon-Williams,0.0004083781808831745
Jack Hunter,https://fbref.com/en/players/64d91580/Jack-Hunter,0.0004083781808831745
Jayden Richardson,https://fbref.com/en/players/bef9db76/Jayden-Richardson,0.0004083781808831745
Jack Cawley,https://fbref.com/en/players/e534d850/Jack-Cawley,0.0004083781808831745
Jordan Hunter,https://fbref.com/en/players/c06be382/Jordan-Hunter,0.0004083781808831745
Will Wright,https://fbref.com/en/players/23c09e2b/Will-Wright,0.0004083781808831745
Caleb Richards,https://fbref.com/en/players/0023854f/Caleb-Richards,0.0004083781808831745
Travis Johnson,https://fbref.com/en/players/65fcc044/Travis-Johnson,0.0004083781808831745
Robert Harker,https://fbref.com/en/players/db1f2c5d/Robert-Harker,0.0004083781808831745
Kieran Phillips,https://fbref.com/en/players/9f528b27/Kieran-Phillips,0.0004083781808831745
Aaron Rowe,https://fbref.com/en/players/4b6bcb0d/Aaron-Rowe,0.0004083781808831745
Dan Johnson,https://fbref.com/en/players/eb61ea16/Dan-Johnson,0.0004083781808831745
Jack Cook,https://fbref.com/en/players/5c15638f/Jack-Cook,0.0004083781808831745
Sian Johnson,https://fbref.com/en/players/8eed0b88/Sian-Johnson,0.0004083781808831745
James Morton,https://fbref.com/en/players/c6d70d1e/James-Morton,0.0004083781808831745
Ben Barclay,https://fbref.com/en/players/17dff2e1/Ben-Barclay,0.0004083781808831745
George Harmon,https://fbref.com/en/players/f3cbe35f/George-Harmon,0.0004083781808831745
Abby Holmes,https://fbref.com/en/players/55946c66/Abby-Holmes,0.0004083781808831745
Aaron Jones,https://fbref.com/en/players/ab2ed7c9/Aaron-Jones,0.0004083781808831745
Max Wright,https://fbref.com/en/players/99dd3022/Max-Wright,0.0004083781808831745
Jack Lambert,https://fbref.com/en/players/d86f41ea/Jack-Lambert,0.0004083781808831745
Callum Powell,https://fbref.com/en/players/36614d8f/Callum-Powell,0.0004083781808831745
Ben Morris,https://fbref.com/en/players/2390ab6e/Ben-Morris,0.0004083781808831745
Ryan Hill,https://fbref.com/en/players/297a396f/Ryan-Hill,0.0004083781808831745
Will Dean,https://fbref.com/en/players/b942bbe9/Will-Dean,0.0004083781808831745
Alex Brown,https://fbref.com/en/players/eed36388/Alex-Brown,0.0004083781808831745
Lewis Baines,https://fbref.com/en/players/b06224eb/Lewis-Baines,0.0004083781808831745
Tyler Smith,https://fbref.com/en/players/c4cd16e5/Tyler-Smith,0.0004083781808831745
Andy Thompson,https://fbref.com/en/players/37c4ed9e/Andy-Thompson,0.0003970343425253086
Maurice Norman,https://fbref.com/en/players/c67aff76/Maurice-Norman,0.0003970343425253086
Gabriel Johnson,https://fbref.com/en/players/e1b6591a/Gabriel-Johnson,0.00038001858498850965
Brandon Lee,https://fbref.com/en/players/946c9348/Brandon-Lee,0.00038001858498850965
Jedidiah Brown,https://fbref.com/en/players/776270a4/Jedidiah-Brown,0.00038001858498850965
Tom Clare,https://fbref.com/en/players/f74e3c23/Tom-Clare,0.00038001858498850965
Ben Foster,https://fbref.com/en/players/d0b3ceb9/Ben-Foster,0.00038001858498850965
Callum Roberts,https://fbref.com/en/players/97ce9006/Callum-Roberts,0.00038001858498850965
Solomon Smith,https://fbref.com/en/players/2043133e/Solomon-Smith,0.00038001858498850965
Connor Woods,https://fbref.com/en/players/d3f048cb/Connor-Woods,0.00038001858498850965
Ryan Hanson,https://fbref.com/en/players/668679a2/Ryan-Hanson,0.00038001858498850965
Elliott Taylor,https://fbref.com/en/players/530bf4ea/Elliott-Taylor,0.00038001858498850965
Bradley Kelly,https://fbref.com/en/players/c2fb28d7/Bradley-Kelly,0.00038001858498850965
Harrison Roberts,https://fbref.com/en/players/cda4935a/Harrison-Roberts,0.00038001858498850965
Alfie Young,https://fbref.com/en/players/8941fac0/Alfie-Young,0.00038001858498850965
Miles Fenton,https://fbref.com/en/players/ec7590ed/Miles-Fenton,0.00038001858498850965
Alex Fletcher,https://fbref.com/en/players/a7d6a1d2/Alex-Fletcher,0.00038001858498850965
Ben Williams,https://fbref.com/en/players/50c9db67/Ben-Williams,0.00038001858498850965
Jed Smith,https://fbref.com/en/players/102babd1/Jed-Smith,0.00038001858498850965
George Newell,https://fbref.com/en/players/24281589/George-Newell,0.00038001858498850965
Paul Goddard,https://fbref.com/en/players/8802a175/Paul-Goddard,0.0003630028274517107
Jack Charlton,https://fbref.com/en/players/487d29b3/Jack-Charlton,0.0003630028274517107
Tony Daley,https://fbref.com/en/players/0f36be43/Tony-Daley,0.0003630028274517107
David Bardsley,https://fbref.com/en/players/e2cfaafb/David-Bardsley,0.0003630028274517107
Brett Williams,https://fbref.com/en/players/05d60168/Brett-Williams,0.0003630028274517107
Paul Barnes,https://fbref.com/en/players/31988c0b/Paul-Barnes,0.0003630028274517107
Alan Ball Jr.,https://fbref.com/en/players/1f20fed1/Alan-Ball-Jr,0.0003630028274517107
David White,https://fbref.com/en/players/b296c9ab/David-White,0.0003630028274517107
Paul Reid,https://fbref.com/en/players/25ee1a22/Paul-Reid,0.0003630028274517107
Geoff Hurst,https://fbref.com/en/players/f0b61a98/Geoff-Hurst,0.0003630028274517107
Gordon Cowans,https://fbref.com/en/players/85478ea1/Gordon-Cowans,0.0003630028274517107
Mel Sterland,https://fbref.com/en/players/0eadf9a6/Mel-Sterland,0.0003630028274517107
Bobby Robson,https://fbref.com/en/players/33114714/Bobby-Robson,0.0003630028274517107
Jimmy Mullen,https://fbref.com/en/players/1531ef54/Jimmy-Mullen,0.0003630028274517107
Maurice Doyle,https://fbref.com/en/players/1b9e260d/Maurice-Doyle,0.0003630028274517107
Nobby Stiles,https://fbref.com/en/players/82e72bb0/Nobby-Stiles,0.0003630028274517107
John Allen,https://fbref.com/en/players/4025fea2/John-Allen,0.0003630028274517107
Dave Hill,https://fbref.com/en/players/b5f43252/Dave-Hill,0.0003630028274517107
Phil Robinson,https://fbref.com/en/players/aa5aa87a/Phil-Robinson,0.0003630028274517107
Stanley Matthews,https://fbref.com/en/players/1b2bb04b/Stanley-Matthews,0.0003630028274517107
George Eastham,https://fbref.com/en/players/7e7c1105/George-Eastham,0.0003630028274517107
Roger Hunt,https://fbref.com/en/players/4c162b8f/Roger-Hunt,0.0003630028274517107
Simon Hunt,https://fbref.com/en/players/c4f6c149/Simon-Hunt,0.0003630028274517107
Norman Hunter,https://fbref.com/en/players/e6065317/Norman-Hunter,0.0003630028274517107
Paul Mason,https://fbref.com/en/players/2e2236b9/Paul-Mason,0.0003630028274517107
Gary Lineker,https://fbref.com/en/players/c2b90a23/Gary-Lineker,0.0003630028274517107
Mike Phelan,https://fbref.com/en/players/a3daa357/Mike-Phelan,0.0003630028274517107
Devon White,https://fbref.com/en/players/5db8501e/Devon-White,0.0003630028274517107
Alan Harper,https://fbref.com/en/players/6c23f7ec/Alan-Harper,0.0003630028274517107
Cyrille Regis,https://fbref.com/en/players/a11b6086/Cyrille-Regis,0.0003630028274517107
Sammy Lee,https://fbref.com/en/players/94ca9664/Sammy-Lee,0.0003630028274517107
Aaron Ramsey,https://fbref.com/en/players/e1618c22/Aaron-Ramsey,0.000294939797304515
Joshua Johnson,https://fbref.com/en/players/a605536a/Joshua-Johnson,0.000294939797304515
George Hall,https://fbref.com/en/players/2f421218/George-Hall,0.000294939797304515
Harrison Burrows,https://fbref.com/en/players/316a084b/Harrison-Burrows,0.000294939797304515
George Wilson,https://fbref.com/en/players/f36c94f3/George-Wilson,0.000294939797304515
Tyree Wilson,https://fbref.com/en/players/f075a56c/Tyree-Wilson,0.000294939797304515
Tate Campbell,https://fbref.com/en/players/b9426cc5/Tate-Campbell,0.000294939797304515
James Hill,https://fbref.com/en/players/69942fb3/James-Hill,0.000294939797304515
Jackson Smith,https://fbref.com/en/players/15fdac60/Jackson-Smith,0.000294939797304515
Alex Baker,https://fbref.com/en/players/b115732c/Alex-Baker,0.000294939797304515
Jack Robinson,https://fbref.com/en/players/df25cb0e/Jack-Robinson,0.000294939797304515
Harrison Wood,https://fbref.com/en/players/f2cac685/Harrison-Wood,0.000294939797304515
Harry Wood,https://fbref.com/en/players/972f40d1/Harry-Wood,0.000294939797304515
Taylor Perry,https://fbref.com/en/players/01ba3996/Taylor-Perry,0.000294939797304515
Ryan Jones,https://fbref.com/en/players/33c68da9/Ryan-Jones,0.000294939797304515
Tommy McDermott,https://fbref.com/en/players/9ff4987f/Tommy-McDermott,0.000294939797304515
Jack Turner,https://fbref.com/en/players/25d614d1/Jack-Turner,0.000294939797304515
Ellis Simms,https://fbref.com/en/players/26d3b5be/Ellis-Simms,0.000294939797304515
James Trafford,https://fbref.com/en/players/259fea27/James-Trafford,0.000294939797304515
George Shelvey,https://fbref.com/en/players/5ab61aea/George-Shelvey,0.000294939797304515
Harry Tyrer,https://fbref.com/en/players/af49fb14/Harry-Tyrer,0.000294939797304515
Reece Smith,https://fbref.com/en/players/d23cc8c6/Reece-Smith,0.000294939797304515
Bobby Thomas,https://fbref.com/en/players/6a471ee8/Bobby-Thomas,0.000294939797304515
Tyrese Sinclair,https://fbref.com/en/players/501dedfd/Tyrese-Sinclair,0.000294939797304515
Maya Le Tissier,https://fbref.com/en/players/087316e6/Maya-Le-Tissier,0.000294939797304515
Ellis Taylor,https://fbref.com/en/players/20133afc/Ellis-Taylor,0.000294939797304515
Louie Barry,https://fbref.com/en/players/bd885979/Louie-Barry,0.000294939797304515
Jack Barrett,https://fbref.com/en/players/6217792f/Jack-Barrett,0.000294939797304515
Liam Shaw,https://fbref.com/en/players/f17ba2da/Liam-Shaw,0.000294939797304515
Jessica Park,https://fbref.com/en/players/4a27340c/Jessica-Park,0.000294939797304515
Owen Foster,https://fbref.com/en/players/b08a2a4b/Owen-Foster,0.000294939797304515
Josh Stones,https://fbref.com/en/players/b55820e5/Josh-Stones,0.000294939797304515
Archie Brown,https://fbref.com/en/players/028b8d59/Archie-Brown,0.000294939797304515
Tommy Doyle,https://fbref.com/en/players/5526deb1/Tommy-Doyle,0.000294939797304515
Joey Dawson,https://fbref.com/en/players/747e84d7/Joey-Dawson,0.000294939797304515
Reece Welch,https://fbref.com/en/players/a182122b/Reece-Welch,0.000294939797304515
Will Brown,https://fbref.com/en/players/446d217d/Will-Brown,0.000294939797304515
James Morris,https://fbref.com/en/players/59e3e314/James-Morris,0.000294939797304515
Chay Cooper,https://fbref.com/en/players/01c46bde/Chay-Cooper,0.000294939797304515
Harrison Jones,https://fbref.com/en/players/2a78981b/Harrison-Jones,0.000294939797304515
Jed Ward,https://fbref.com/en/players/edb2744d/Jed-Ward,0.000294939797304515
Haydon Roberts,https://fbref.com/en/players/a731e8a0/Haydon-Roberts,0.000294939797304515
Ben Crompton,https://fbref.com/en/players/51d0587c/Ben-Crompton,0.00026658020140985005
James Plant,https://fbref.com/en/players/09b62860/James-Plant,0.00026658020140985005
Kane Richardson,https://fbref.com/en/players/9e190b20/Kane-Richardson,0.00026658020140985005
Junior Dixon,https://fbref.com/en/players/410e6017/Junior-Dixon,0.00026658020140985005
Ciaran Thompson,https://fbref.com/en/players/0a951b0e/Ciaran-Thompson,0.00026658020140985005
Ashley Clarke,https://fbref.com/en/players/6d4ced2a/Ashley-Clarke,0.00026658020140985005
Sam Smith,https://fbref.com/en/players/fcc3fe44/Sam-Smith,0.00026658020140985005
Jack Butler,https://fbref.com/en/players/0ee944d1/Jack-Butler,0.00026658020140985005
Taine Anderson,https://fbref.com/en/players/2917046f/Taine-Anderson,0.00026658020140985005
Donnell Thomas,https://fbref.com/en/players/e48e87ad/Donnell-Thomas,0.00026658020140985005
Adam Berry,https://fbref.com/en/players/696ee5de/Adam-Berry,0.00026658020140985005
Charlie Berry,https://fbref.com/en/players/5035df20/Charlie-Berry,0.00026658020140985005
Alfie Cresswell,https://fbref.com/en/players/67cc36ba/Alfie-Cresswell,0.00026658020140985005
Jack Moore,https://fbref.com/en/players/306501b7/Jack-Moore,0.00026658020140985005
Bradley Holmes,https://fbref.com/en/players/73a687d8/Bradley-Holmes,0.00026658020140985005
Jake Richards,https://fbref.com/en/players/a100d0b8/Jake-Richards,0.00026658020140985005
Jack Morris,https://fbref.com/en/players/051314d5/Jack-Morris,0.00026658020140985005
Matt Richards,https://fbref.com/en/players/6fb64221/Matt-Richards,0.00026658020140985005
Tom Booth,https://fbref.com/en/players/764887cb/Tom-Booth,0.00026658020140985005
Dylan Hill,https://fbref.com/en/players/d470029b/Dylan-Hill,0.00026658020140985005
Joseph Richards,https://fbref.com/en/players/88bf6a2e/Joseph-Richards,0.00026658020140985005
Charlie Smith,https://fbref.com/en/players/d3621444/Charlie-Smith,0.00026658020140985005
Arian Allen,https://fbref.com/en/players/d0611ebd/Arian-Allen,0.00026658020140985005
Jack Bray,https://fbref.com/en/players/8ec5a644/Jack-Bray,0.00026658020140985005
Jaden Dixon,https://fbref.com/en/players/437f821e/Jaden-Dixon,0.00026658020140985005
Bobby Jones,https://fbref.com/en/players/062a0e80/Bobby-Jones,0.00026658020140985005
Kieran Phillips,https://fbref.com/en/players/b6b4985b/Kieran-Phillips,0.00026658020140985005
Noah Cooper,https://fbref.com/en/players/c5145ba0/Noah-Cooper,0.00026658020140985005
George Pedley,https://fbref.com/en/players/54b71534/George-Pedley,0.00026658020140985005
Joshua Smith,https://fbref.com/en/players/502e321f/Joshua-Smith,0.00026658020140985005
Charlie Waller,https://fbref.com/en/players/9f630ff6/Charlie-Waller,0.00026658020140985005
Aston Daley,https://fbref.com/en/players/1c94acee/Aston-Daley,0.00026658020140985005
Carlos Richards,https://fbref.com/en/players/5d9b5b6d/Carlos-Richards,0.00026658020140985005
Ava Baker,https://fbref.com/en/players/75cae050/Ava-Baker,0.00026658020140985005
Ryan Kingsford,https://fbref.com/en/players/001fa5ab/Ryan-Kingsford,0.00026658020140985005
Josh Dixon,https://fbref.com/en/players/f0e15106/Josh-Dixon,0.00026658020140985005
Bradley Williams,https://fbref.com/en/players/261a5d08/Bradley-Williams,0.00026658020140985005
Joe Rye,https://fbref.com/en/players/54649cde/Joe-Rye,0.00026658020140985005
Leo Graham,https://fbref.com/en/players/e484c3fa/Leo-Graham,0.00026658020140985005
Ben Williams,https://fbref.com/en/players/20693a0a/Ben-Williams,0.00026658020140985005
James Carr,https://fbref.com/en/players/417fce94/James-Carr,0.00026658020140985005
Jack Hall,https://fbref.com/en/players/584fcfd1/Jack-Hall,0.00026658020140985005
Avan Jones,https://fbref.com/en/players/e4bb31b3/Avan-Jones,0.00026658020140985005
Caleb Roberts,https://fbref.com/en/players/639ec231/Caleb-Roberts,0.00026658020140985005
Callum Wilson,https://fbref.com/en/players/550af617/Callum-Wilson,0.00026658020140985005
Joseph Johnson,https://fbref.com/en/players/d9e7c4da/Joseph-Johnson,0.00026658020140985005
Cameron Wilson,https://fbref.com/en/players/f4dafc7b/Cameron-Wilson,0.00026658020140985005
George Smith,https://fbref.com/en/players/a730db81/George-Smith,0.00026658020140985005
Lorenz Ferdinand,https://fbref.com/en/players/e7086982/Lorenz-Ferdinand,0.00026658020140985005
Finlay Tunstall,https://fbref.com/en/players/72fbbda0/Finlay-Tunstall,0.00026658020140985005
Abbey Clarke,https://fbref.com/en/players/ec51fd21/Abbey-Clarke,0.00026658020140985005
Jacob Owen,https://fbref.com/en/players/fe1fac43/Jacob-Owen,0.00026658020140985005
Harrison Smith,https://fbref.com/en/players/275cb664/Harrison-Smith,0.00026658020140985005
Jessica Simpson,https://fbref.com/en/players/2d10dbfa/Jessica-Simpson,0.00026658020140985005
Jay Robinson,https://fbref.com/en/players/2a616c85/Jay-Robinson,0.00026658020140985005
Louis Page,https://fbref.com/en/players/431f4bf3/Louis-Page,0.00026658020140985005
Bailey Smith,https://fbref.com/en/players/893419fc/Bailey-Smith,0.00026658020140985005
Luke Smith,https://fbref.com/en/players/ba7d1288/Luke-Smith,0.00026658020140985005
Jack Bates,https://fbref.com/en/players/06167292/Jack-Bates,0.00026658020140985005
Charlie Wilson,https://fbref.com/en/players/5eed50cc/Charlie-Wilson,0.00026658020140985005
Trae Cook,https://fbref.com/en/players/ebffe775/Trae-Cook,0.00023822060551518514
Jasmine Turner,https://fbref.com/en/players/a2f8c35a/Jasmine-Turner,0.00023822060551518514
