Name,URL,Type,BirthYear,DeathYear
Aaron Barschak,https://en.wikipedia.org/wiki/Aaron_Barschak,Stand-up comedians,1966,
Abi Roberts,https://en.wikipedia.org/wiki/Abi_Roberts,Stand-up comedians,1976,
Adam Bloom,https://en.wikipedia.org/wiki/Adam_Bloom,Stand-up comedians,1971,
Adam Buxton,https://en.wikipedia.org/wiki/Adam_Buxton,Musical comedians,1969,
Adam Rowe,https://en.wikipedia.org/wiki/Adam_Rowe,Stand-up comedians,1992,
Ade Edmondson,https://en.wikipedia.org/wiki/Ade_Edmondson,Film,,
Adil Ray,https://en.wikipedia.org/wiki/Adil_Ray,Sitcom comedians,1974,
Adrian Edmondson,https://en.wikipedia.org/wiki/Adrian_Edmondson,Sketch show/alternative comedians,1957,
Adrian Scarborough,https://en.wikipedia.org/wiki/Adrian_Scarborough,Comedy double acts,,
Adèle Anderson,https://en.wikipedia.org/wiki/Ad%C3%A8le_Anderson,Musical comedians,1952,
Ahir Shah,https://en.wikipedia.org/wiki/Ahir_Shah,Stand-up comedians,,
Al Murray,https://en.wikipedia.org/wiki/Al_Murray,Stand-up comedians,1968,
Alan Carr,https://en.wikipedia.org/wiki/Alan_Carr,Stand-up comedians,1976,
Alan Coren,https://en.wikipedia.org/wiki/Alan_Coren,Comedy panel game regulars,,
Alan Davies,https://en.wikipedia.org/wiki/Alan_Davies,Comedy panel game regulars,,
Alex Horne,https://en.wikipedia.org/wiki/Alex_Horne,Musical comedians,1978,
Alexander Armstrong,https://en.wikipedia.org/wiki/Alexander_Armstrong,Sketch show/alternative comedians,1970,
Alexei Sayle,https://en.wikipedia.org/wiki/Alexei_Sayle,Sketch show/alternative comedians,1952,
Alistair Barrie,https://en.wikipedia.org/wiki/Alistair_Barrie,Stand-up comedians,,
Alistair McGowan,https://en.wikipedia.org/wiki/Alistair_McGowan,Impressionists,1964,
Amelia Dimoldenberg,https://en.wikipedia.org/wiki/Amelia_Dimoldenberg,Blog and internet humourists,,
Andi Osho,https://en.wikipedia.org/wiki/Andi_Osho,Stand-up comedians,1973,
Andre Vincent,https://en.wikipedia.org/wiki/Andre_Vincent,Stand-up comedians,1964,
Andrew Lawrence,https://en.wikipedia.org/wiki/Andrew_Lawrence_(comedian),Stand-up comedians,1979,
Andrew O'Neill,https://en.wikipedia.org/wiki/Andrew_O%27Neill,Stand-up comedians,1979,
Andy Hamilton,https://en.wikipedia.org/wiki/Andy_Hamilton,Comedy panel game regulars,,
Andy Parsons,https://en.wikipedia.org/wiki/Andy_Parsons,Comedy panel game regulars,,
Andy Zaltzman,https://en.wikipedia.org/wiki/Andy_Zaltzman,Stand-up comedians,1974,
Angela Barnes,https://en.wikipedia.org/wiki/Angela_Barnes,Stand-up comedians,1976,
Angus Deayton,https://en.wikipedia.org/wiki/Angus_Deayton,Comedy panel game regulars,1956,
Anil Gupta,https://en.wikipedia.org/wiki/Anil_Gupta_(writer),Sketch show/alternative comedians,,
Anjana Vasan,https://en.wikipedia.org/wiki/Anjana_Vasan,Sitcom comedians,1987,
Anne Reid,https://en.wikipedia.org/wiki/Anne_Reid,Sitcom comedians,1935,
Anthony McPartlin,https://en.wikipedia.org/wiki/Anthony_McPartlin,Comedy double acts,,
Arabella Weir,https://en.wikipedia.org/wiki/Arabella_Weir,Sketch show/alternative comedians,1957,
Armando Iannucci,https://en.wikipedia.org/wiki/Armando_Iannucci,Satirists,1963,
Arthur Marshall,https://en.wikipedia.org/wiki/Arthur_Marshall_(broadcaster),Comedy panel game regulars,,
Athena Kugblenu,https://en.wikipedia.org/wiki/Athena_Kugblenu,Comedy panel game regulars,,
Ava Vidal,https://en.wikipedia.org/wiki/Ava_Vidal,Stand-up comedians,1976,
Babatunde Aleshe,https://en.wikipedia.org/wiki/Babatunde_Aleshe,Stand-up comedians,,
Barry Cryer,https://en.wikipedia.org/wiki/Barry_Cryer,Comedy panel game regulars,,
Barry Took,https://en.wikipedia.org/wiki/Barry_Took,Comedy panel game regulars,,
Belinda Lang,https://en.wikipedia.org/wiki/Belinda_Lang,Sitcom comedians,1953,
Ben Croshaw,https://en.wikipedia.org/wiki/Ben_Croshaw,Blog and internet humourists,,
Ben Elton,https://en.wikipedia.org/wiki/Ben_Elton,Stand-up comedians,1959,
Ben Miles,https://en.wikipedia.org/wiki/Ben_Miles,Sitcom comedians,1966,
Ben Miller,https://en.wikipedia.org/wiki/Ben_Miller,Sketch show/alternative comedians,1966,
Ben Willbond,https://en.wikipedia.org/wiki/Ben_Willbond,Sitcom comedians,1973,
Bennett Arron,https://en.wikipedia.org/wiki/Bennett_Arron,Stand-up comedians,1973,
Bethany Black,https://en.wikipedia.org/wiki/Bethany_Black,Stand-up comedians,1978,
Bill Bailey,https://en.wikipedia.org/wiki/Bill_Bailey,Stand-up comedians,1964,
Bill Nighy,https://en.wikipedia.org/wiki/Bill_Nighy,Film,1949,
Bill Oddie,https://en.wikipedia.org/wiki/Bill_Oddie,Sketch show/alternative comedians,1941,
Billy Caryll and Hilda Mundy,https://en.wikipedia.org/wiki/Billy_Caryll_and_Hilda_Mundy,Variety and music hall comedians,,
Billy Connolly,https://en.wikipedia.org/wiki/Billy_Connolly,Stand-up comedians,1942,
Blake Harrison,https://en.wikipedia.org/wiki/Blake_Harrison,Sitcom comedians,1985,
Bob Golding,https://en.wikipedia.org/wiki/Bob_Golding,Comedy double acts,,
Bob Mortimer,https://en.wikipedia.org/wiki/Bob_Mortimer,Sketch show/alternative comedians,1959,
Bobby Ball,https://en.wikipedia.org/wiki/Bobby_Ball,Comedy double acts,,
Bobby Davro,https://en.wikipedia.org/wiki/Bobby_Davro,Impressionists,1958,
Boothby Graffoe,https://en.wikipedia.org/wiki/Boothby_Graffoe_(comedian),Stand-up comedians,1962,
Brian Conley,https://en.wikipedia.org/wiki/Brian_Conley,Sketch show/alternative comedians,1961,
Brian Murphy,https://en.wikipedia.org/wiki/Brian_Murphy_(actor),Sitcom comedians,1933,
Bridget Christie,https://en.wikipedia.org/wiki/Bridget_Christie,Stand-up comedians,1971,
Bud Flanagan,https://en.wikipedia.org/wiki/Bud_Flanagan,Comedy double acts,,
Cariad Lloyd,https://en.wikipedia.org/wiki/Cariad_Lloyd,Comedy panel game regulars,,
Caroline Quentin,https://en.wikipedia.org/wiki/Caroline_Quentin,Sitcom comedians,1960,
Catherine Tate,https://en.wikipedia.org/wiki/Catherine_Tate,Sketch show/alternative comedians,1968,
Catherine Tyldesley,https://en.wikipedia.org/wiki/Catherine_Tyldesley,Sitcom comedians,1983,
Celia Imrie,https://en.wikipedia.org/wiki/Celia_Imrie,Sitcom comedians,1952,
Charlie Higson,https://en.wikipedia.org/wiki/Charlie_Higson,Sketch show/alternative comedians,1958,
Charlie Naughton,https://en.wikipedia.org/wiki/Charlie_Naughton,Comedy double acts,,
Charlie Wernham,https://en.wikipedia.org/wiki/Charlie_Wernham,Sitcom comedians,1994,
Charlotte Ritchie,https://en.wikipedia.org/wiki/Charlotte_Ritchie,Sitcom comedians,1989,
Chesney Allen,https://en.wikipedia.org/wiki/Chesney_Allen,Comedy double acts,,
Chris Addison,https://en.wikipedia.org/wiki/Chris_Addison,Comedy panel game regulars,,
Chris Barrie,https://en.wikipedia.org/wiki/Chris_Barrie,Impressionists,1960,
Chris Donald,https://en.wikipedia.org/wiki/Chris_Donald,"Cartoonists, caricaturists, etc.",1960,
Chris Langham,https://en.wikipedia.org/wiki/Chris_Langham,Spoof show comedians,,
Chris McCausland,https://en.wikipedia.org/wiki/Chris_McCausland,Stand-up comedians,1977,
Chris Morris,https://en.wikipedia.org/wiki/Chris_Morris_(satirist),Satirists,1962,
Clapham and Dwyer,https://en.wikipedia.org/wiki/Clapham_and_Dwyer,Variety and music hall comedians,,
Clement Freud,https://en.wikipedia.org/wiki/Clement_Freud,Comedy panel game regulars,,
Clive Anderson,https://en.wikipedia.org/wiki/Clive_Anderson,Comedy panel game regulars,,
Collinson and Dean,https://en.wikipedia.org/wiki/Collinson_and_Dean,Variety and music hall comedians,,
Craig Charles,https://en.wikipedia.org/wiki/Craig_Charles,Stand-up comedians,1964,
Crazy Gang,https://en.wikipedia.org/wiki/Crazy_Gang_(comedy_group),Comedy double acts,,
Daisy May Cooper,https://en.wikipedia.org/wiki/Daisy_May_Cooper,Comedy panel game regulars,,
Daniel Howell,https://en.wikipedia.org/wiki/Daniel_Howell,Blog and internet humourists,,
Daniel Kitson,https://en.wikipedia.org/wiki/Daniel_Kitson,Stand-up comedians,1977,
Daniel Lawrence Taylor,https://en.wikipedia.org/wiki/Daniel_Lawrence_Taylor,Comedy double acts,,
Daniel Sloss,https://en.wikipedia.org/wiki/Daniel_Sloss,Stand-up comedians,1990,
Danny Bhoy,https://en.wikipedia.org/wiki/Danny_Bhoy,Stand-up comedians,1974,
Danny John-Jules,https://en.wikipedia.org/wiki/Danny_John-Jules,Sitcom comedians,1960,
Dave Gorman,https://en.wikipedia.org/wiki/Dave_Gorman,Stand-up comedians,1971,
Dave Lamb,https://en.wikipedia.org/wiki/Dave_Lamb,Impressionists,,
Dave Thompson,https://en.wikipedia.org/wiki/Dave_Thompson_(comedian),Stand-up comedians,1960,
David Baddiel,https://en.wikipedia.org/wiki/David_Baddiel,Sketch show/alternative comedians,1964,
David Jason,https://en.wikipedia.org/wiki/David_Jason,Sitcom comedians,1940,
David Mitchell,https://en.wikipedia.org/wiki/David_Mitchell_(comedian),Comedy panel game regulars,1974,
David Walliams,https://en.wikipedia.org/wiki/David_Walliams,Sketch show/alternative comedians,1971,
Dawn French,https://en.wikipedia.org/wiki/Dawn_French,Sketch show/alternative comedians,1957,
Debra Stephenson,https://en.wikipedia.org/wiki/Debra_Stephenson,Impressionists,1972,
Declan Donnelly,https://en.wikipedia.org/wiki/Declan_Donnelly,Comedy double acts,,
Derek Nimmo,https://en.wikipedia.org/wiki/Derek_Nimmo,Comedy panel game regulars,,
Diane Morgan,https://en.wikipedia.org/wiki/Diane_Morgan,Comedy panel game regulars,1975,
Doc Brown,https://en.wikipedia.org/wiki/Doc_Brown_(rapper),Stand-up comedians,1977,
Dom Joly,https://en.wikipedia.org/wiki/Dom_Joly,Sketch show/alternative comedians,1967,
Dominic Holland,https://en.wikipedia.org/wiki/Dominic_Holland,Stand-up comedians,1967,
Don Juan,https://en.wikipedia.org/wiki/Don_Juan_(Byron),Comedy double acts,,
Donald Swann,https://en.wikipedia.org/wiki/Donald_Swann,Comedy double acts,,
Doon Mackichan,https://en.wikipedia.org/wiki/Doon_Mackichan,Sketch show/alternative comedians,1962,
Dudley Moore,https://en.wikipedia.org/wiki/Dudley_Moore,Comedy double acts,,
Duncan Preston,https://en.wikipedia.org/wiki/Duncan_Preston,Sitcom comedians,1946,
Earl Okin,https://en.wikipedia.org/wiki/Earl_Okin,Musical comedians,1947,
Ed Gamble,https://en.wikipedia.org/wiki/Ed_Gamble,Stand-up comedians,1986,
Eddie Large,https://en.wikipedia.org/wiki/Eddie_Large,Comedy double acts,,
Edwyn Collins,https://en.wikipedia.org/wiki/Edwyn_Collins,Musical comedians,1959,
Eleanor Bron,https://en.wikipedia.org/wiki/Eleanor_Bron,Satirists,1938,
Eleanor Morton,https://en.wikipedia.org/wiki/Eleanor_Morton_(comedian),Stand-up comedians,,
Elis James,https://en.wikipedia.org/wiki/Elis_James,Comedy panel game regulars,,
Ellie Taylor,https://en.wikipedia.org/wiki/Ellie_Taylor,Stand-up comedians,1983,
Ellie White,https://en.wikipedia.org/wiki/Ellie_White,Sketch show/alternative comedians,1989,
Elsie and Doris Waters,https://en.wikipedia.org/wiki/Elsie_and_Doris_Waters,Variety and music hall comedians,,
Emily Atack,https://en.wikipedia.org/wiki/Emily_Atack,Sitcom comedians,1989,
Eric Idle,https://en.wikipedia.org/wiki/Eric_Idle,Sketch show/alternative comedians,1943,
Eric Morecambe,https://en.wikipedia.org/wiki/Eric_Morecambe,Comedy double acts,,
Ernie Wise,https://en.wikipedia.org/wiki/Ernie_Wise,Comedy double acts,,
Eros Vlahos,https://en.wikipedia.org/wiki/Eros_Vlahos,Stand-up comedians,1995,
Faith Brown,https://en.wikipedia.org/wiki/Faith_Brown,Impressionists,1944,
Fayne and Evans,https://en.wikipedia.org/wiki/Fayne_and_Evans,Variety and music hall comedians,,
Fiona Allen,https://en.wikipedia.org/wiki/Fiona_Allen,Sketch show/alternative comedians,1965,
First World War,https://en.wikipedia.org/wiki/First_World_War,Comedy double acts,,
Flo and Joan,https://en.wikipedia.org/wiki/Flo_and_Joan,Musical comedians,,
Francesca Martinez,https://en.wikipedia.org/wiki/Francesca_Martinez,Stand-up comedians,1978,
Francis Wheen,https://en.wikipedia.org/wiki/Francis_Wheen,Comedy panel game regulars,,
Frank Muir,https://en.wikipedia.org/wiki/Frank_Muir,Comedy panel game regulars,,
Frank Skinner,https://en.wikipedia.org/wiki/Frank_Skinner,Stand-up comedians,1957,
Frankie Boyle,https://en.wikipedia.org/wiki/Frankie_Boyle,Comedy panel game regulars,,
Gareth Hale,https://en.wikipedia.org/wiki/Gareth_Hale,Comedy double acts,,
Gary Delaney,https://en.wikipedia.org/wiki/Gary_Delaney,Stand-up comedians,1973,
Gary Le Strange,https://en.wikipedia.org/wiki/Gary_Le_Strange,Musical comedians,1971,
George Logan,https://en.wikipedia.org/wiki/George_Logan_(performer),Comedy double acts,,
Gerald Scarfe,https://en.wikipedia.org/wiki/Gerald_Scarfe,"Cartoonists, caricaturists, etc.",,
Gina Yashere,https://en.wikipedia.org/wiki/Gina_Yashere,Stand-up comedians,1974,
Gordon Southern,https://en.wikipedia.org/wiki/Gordon_Southern,Stand-up comedians,,
Graeme Garden,https://en.wikipedia.org/wiki/Graeme_Garden,Comedy panel game regulars,1943,
Graham Fellows,https://en.wikipedia.org/wiki/Graham_Fellows,Musical comedians,1959,
Greg Davies,https://en.wikipedia.org/wiki/Greg_Davies,Stand-up comedians,1968,
Greg McHugh,https://en.wikipedia.org/wiki/Greg_McHugh,Sitcom comedians,1980,
Gregor Fisher,https://en.wikipedia.org/wiki/Gregor_Fisher,Sketch show/alternative comedians,1953,
Griff Rhys Jones,https://en.wikipedia.org/wiki/Griff_Rhys_Jones,Sketch show/alternative comedians,1953,
Harriet Braine,https://en.wikipedia.org/wiki/Harriet_Braine,Musical comedians,,
Harry Enfield,https://en.wikipedia.org/wiki/Harry_Enfield,Comedy panel game regulars,1961,
Harry Hill,https://en.wikipedia.org/wiki/Harry_Hill,Sketch show/alternative comedians,1964,
Haver and Lee,https://en.wikipedia.org/wiki/Haver_and_Lee,Variety and music hall comedians,,
Helen Atkinson-Wood,https://en.wikipedia.org/wiki/Helen_Atkinson-Wood,Sitcom comedians,1955,
Helen Lederer,https://en.wikipedia.org/wiki/Helen_Lederer,Sitcom comedians,1954,
Henry Naylor,https://en.wikipedia.org/wiki/Henry_Naylor,Comedy double acts,,
Henry Normal,https://en.wikipedia.org/wiki/Henry_Normal,Poets with a comedic bent,,
Hinge and Bracket,https://en.wikipedia.org/wiki/Hinge_and_Bracket,Musical comedians,,
Holly Walsh,https://en.wikipedia.org/wiki/Holly_Walsh,Stand-up comedians,1980,
Hugh Dennis,https://en.wikipedia.org/wiki/Hugh_Dennis,Comedy panel game regulars,1962,
Hugh Laurie,https://en.wikipedia.org/wiki/Hugh_Laurie,Sketch show/alternative comedians,1959,
Hugo Speer,https://en.wikipedia.org/wiki/Hugo_Speer,Comedy double acts,,
Humphrey Ker,https://en.wikipedia.org/wiki/Humphrey_Ker,Sitcom comedians,1982,
Humphrey Lyttelton,https://en.wikipedia.org/wiki/Humphrey_Lyttelton,Comedy panel game regulars,,
Ian Hislop,https://en.wikipedia.org/wiki/Ian_Hislop,Comedy panel game regulars,1960,
Ian Stone,https://en.wikipedia.org/wiki/Ian_Stone,Stand-up comedians,1963,
Ikenna Azuike,https://en.wikipedia.org/wiki/Ikenna_Azuike,Satirists,1979,
Ingrid Oliver,https://en.wikipedia.org/wiki/Ingrid_Oliver,Comedy double acts,,
Isy Suttie,https://en.wikipedia.org/wiki/Isy_Suttie,Comedy panel game regulars,1978,
Ivo Graham,https://en.wikipedia.org/wiki/Ivo_Graham,Stand-up comedians,1990,
Ivor Biggun,https://en.wikipedia.org/wiki/Doc_Cox,Musical comedians,1946,
Jack Binstead,https://en.wikipedia.org/wiki/Jack_Binstead,Sitcom comedians,1996,
Jack Davenport,https://en.wikipedia.org/wiki/Jack_Davenport,Sitcom comedians,1973,
Jack Dee,https://en.wikipedia.org/wiki/Jack_Dee,Stand-up comedians,1961,
Jack Whitehall,https://en.wikipedia.org/wiki/Jack_Whitehall,Stand-up comedians,1988,
Jameela Jamil,https://en.wikipedia.org/wiki/Jameela_Jamil,Sitcom comedians,1986,
James Acaster,https://en.wikipedia.org/wiki/James_Acaster,Stand-up comedians,1985,
James Bachman,https://en.wikipedia.org/wiki/James_Bachman,Sketch show/alternative comedians,,
James Bolam,https://en.wikipedia.org/wiki/James_Bolam,Sitcom comedians,1935,
James Buckley,https://en.wikipedia.org/wiki/James_Buckley_(actor),Sitcom comedians,1987,
James Dreyfus,https://en.wikipedia.org/wiki/James_Dreyfus,Sitcom comedians,1968,
James Fleet,https://en.wikipedia.org/wiki/James_Fleet,Sitcom comedians,1952,
Jamie Demetriou,https://en.wikipedia.org/wiki/Jamie_Demetriou,Sitcom comedians,1987,
Jan Ravens,https://en.wikipedia.org/wiki/Jan_Ravens,Impressionists,1958,
Jane Horrocks,https://en.wikipedia.org/wiki/Jane_Horrocks,Sitcom comedians,1964,
Jane Leeves,https://en.wikipedia.org/wiki/Jane_Leeves,Sitcom comedians,1961,
Janice Connolly,https://en.wikipedia.org/wiki/Janice_Connolly,Stand-up comedians,1954,
Jason Manford,https://en.wikipedia.org/wiki/Jason_Manford,Stand-up comedians,1981,
Jasper Carrott,https://en.wikipedia.org/wiki/Jasper_Carrott,Stand-up comedians,1945,
Jay Foreman,https://en.wikipedia.org/wiki/Jay_Foreman_(comedian),Musical comedians,,
Jeff Green,https://en.wikipedia.org/wiki/Jeff_Green_(comedian),Stand-up comedians,1964,
Jen Brister,https://en.wikipedia.org/wiki/Jen_Brister,Stand-up comedians,1975,
Jennifer Saunders,https://en.wikipedia.org/wiki/Jennifer_Saunders,Sketch show/alternative comedians,1958,
Jennifer Veal,https://en.wikipedia.org/wiki/Jennifer_Veal,Sitcom comedians,1991,
Jenny Eclair,https://en.wikipedia.org/wiki/Jenny_Eclair,Radio comedians,1960,
Jeremy Dyson,https://en.wikipedia.org/wiki/Jeremy_Dyson,Sketch show/alternative comedians,1966,
Jeremy Hardy,https://en.wikipedia.org/wiki/Jeremy_Hardy,Comedy panel game regulars,,
Jessica Hynes,https://en.wikipedia.org/wiki/Jessica_Hynes,Sitcom comedians,1972,
Jessica Knappett,https://en.wikipedia.org/wiki/Jessica_Knappett,Sitcom comedians,1984,
Jim Davidson,https://en.wikipedia.org/wiki/Jim_Davidson,Stand-up comedians,1954,
Jim Tavaré,https://en.wikipedia.org/wiki/Jim_Tavar%C3%A9,Musical comedians,1963,
Jimeoin,https://en.wikipedia.org/wiki/Jimeoin,Stand-up comedians,1966,
Jimmy Carr,https://en.wikipedia.org/wiki/Jimmy_Carr,Stand-up comedians,1972,
Jimmy Cricket,https://en.wikipedia.org/wiki/Jimmy_Cricket,Variety and music hall comedians,1945,
Jimmy Gold,https://en.wikipedia.org/wiki/Jimmy_Gold,Comedy double acts,,
Jimmy Jones,https://en.wikipedia.org/wiki/Jimmy_Jones_(comedian),Stand-up comedians,1938,
Jimmy Tarbuck,https://en.wikipedia.org/wiki/Jimmy_Tarbuck,Stand-up comedians,1940,
Jo Brand,https://en.wikipedia.org/wiki/Jo_Brand,Stand-up comedians,1957,
Jo Caulfield,https://en.wikipedia.org/wiki/Jo_Caulfield,Stand-up comedians,1963,
Jo Enright,https://en.wikipedia.org/wiki/Jo_Enright,Stand-up comedians,1968,
Joanna Lumley,https://en.wikipedia.org/wiki/Joanna_Lumley,Sitcom comedians,1946,
Joe Cornish,https://en.wikipedia.org/wiki/Joe_Cornish,Comedy double acts,,
Joe Lycett,https://en.wikipedia.org/wiki/Joe_Lycett,Stand-up comedians,1988,
Joe Thomas,https://en.wikipedia.org/wiki/Joe_Thomas_(actor),Sitcom comedians,1983,
Joe Wilkinson,https://en.wikipedia.org/wiki/Joe_Wilkinson,Stand-up comedians,1975,
Joel Dommett,https://en.wikipedia.org/wiki/Joel_Dommett,Stand-up comedians,1985,
John Bishop,https://en.wikipedia.org/wiki/John_Bishop,Stand-up comedians,1966,
John Cleese,https://en.wikipedia.org/wiki/John_Cleese,Sketch show/alternative comedians,1939,
John Cooper Clarke,https://en.wikipedia.org/wiki/John_Cooper_Clarke,Poets with a comedic bent,,
John Finnemore,https://en.wikipedia.org/wiki/John_Finnemore,Radio comedians,1977,
John Hegley,https://en.wikipedia.org/wiki/John_Hegley,Musical comedians,1953,
John Moloney,https://en.wikipedia.org/wiki/John_Moloney_(comedian),Stand-up comedians,,
John Oliver,https://en.wikipedia.org/wiki/John_Oliver_(comedian),Stand-up comedians,1977,
John Robins,https://en.wikipedia.org/wiki/John_Robins_(comedian),Stand-up comedians,1982,
John Thomson,https://en.wikipedia.org/wiki/John_Thomson_(comedian),Sketch show/alternative comedians,1969,
Johnny Vegas,https://en.wikipedia.org/wiki/Johnny_Vegas,Stand-up comedians,1970,
Jon Culshaw,https://en.wikipedia.org/wiki/Jon_Culshaw,Impressionists,1968,
Jon Holmes,https://en.wikipedia.org/wiki/Jon_Holmes,Satirists,1973,
Jon Richardson,https://en.wikipedia.org/wiki/Jon_Richardson,Stand-up comedians,1982,
Jonathan Ross,https://en.wikipedia.org/wiki/Jonathan_Ross,Comedy panel game regulars,,
Josh Widdicombe,https://en.wikipedia.org/wiki/Josh_Widdicombe,Stand-up comedians,1983,
Joshua Seigal,https://en.wikipedia.org/wiki/Joshua_Seigal,Poets with a comedic bent,,
Josie Long,https://en.wikipedia.org/wiki/Josie_Long,Stand-up comedians,1982,
Judy Cornwell,https://en.wikipedia.org/wiki/Judy_Cornwell,Sitcom comedians,1940,
Julia Davis,https://en.wikipedia.org/wiki/Julia_Davis,Sitcom comedians,1966,
Julia Hills,https://en.wikipedia.org/wiki/Julia_Hills,Sitcom comedians,1957,
Julia Sawalha,https://en.wikipedia.org/wiki/Julia_Sawalha,Sitcom comedians,1968,
Julian Barratt,https://en.wikipedia.org/wiki/Julian_Barratt,Stand-up comedians,1968,
Julian Clary,https://en.wikipedia.org/wiki/Julian_Clary,Stand-up comedians,1959,
Julie Walters,https://en.wikipedia.org/wiki/Julie_Walters,Sitcom comedians,1950,
Karl Howman,https://en.wikipedia.org/wiki/Karl_Howman,Sitcom comedians,1952,
Katherine Bennett,https://en.wikipedia.org/wiki/Katherine_Bennett_(comedian),Stand-up comedians,1976,
Katherine Parkinson,https://en.wikipedia.org/wiki/Katherine_Parkinson,Sitcom comedians,1977,
Kathy Burke,https://en.wikipedia.org/wiki/Kathy_Burke,Sitcom comedians,1964,
Katie Perry,https://en.wikipedia.org/wiki/Katie_Perry,Comedy panel game regulars,,
Katy Brand,https://en.wikipedia.org/wiki/Katy_Brand,Sketch show/alternative comedians,1979,
Kenneth Williams,https://en.wikipedia.org/wiki/Kenneth_Williams,Comedy panel game regulars,,
Kenway and Young,https://en.wikipedia.org/wiki/Kenway_and_Young,Variety and music hall comedians,,
Kerry Godliman,https://en.wikipedia.org/wiki/Kerry_Godliman,Stand-up comedians,1973,
Kev Orkian,https://en.wikipedia.org/wiki/Kev_Orkian,Stand-up comedians,1974,
Kevin Bridges,https://en.wikipedia.org/wiki/Kevin_Bridges,Stand-up comedians,1986,
Kevin Connelly,https://en.wikipedia.org/wiki/Kevin_Connelly,Impressionists,,
Kevin Eldon,https://en.wikipedia.org/wiki/Kevin_Eldon,Sketch show/alternative comedians,1960,
Kiell Smith-Bynoe,https://en.wikipedia.org/wiki/Kiell_Smith-Bynoe,Sitcom comedians,1989,
Kunal Nayyar,https://en.wikipedia.org/wiki/Kunal_Nayyar,Sitcom comedians,1981,
Laura Lexx,https://en.wikipedia.org/wiki/Laura_Lexx,Comedy panel game regulars,,
Laura Solon,https://en.wikipedia.org/wiki/Laura_Solon,Sketch show/alternative comedians,1979,
Lauren Laverne,https://en.wikipedia.org/wiki/Lauren_Laverne,Comedy panel game regulars,,
Laurence Clark,https://en.wikipedia.org/wiki/Laurence_Clark_(comedian),Stand-up comedians,1974,
Laurence Rickard,https://en.wikipedia.org/wiki/Laurence_Rickard,Sitcom comedians,1975,
Lee Evans,https://en.wikipedia.org/wiki/Lee_Evans_(comedian),Stand-up comedians,1964,
Lee Hurst,https://en.wikipedia.org/wiki/Lee_Hurst,Stand-up comedians,1962,
Lee Mack,https://en.wikipedia.org/wiki/Lee_Mack,Stand-up comedians,1968,
Lee Peart,https://en.wikipedia.org/wiki/Lee_Peart,Stand-up comedians,1990,
Lemn Sissay,https://en.wikipedia.org/wiki/Lemn_Sissay,Poets with a comedic bent,,
Lenny Henry,https://en.wikipedia.org/wiki/Lenny_Henry,Sketch show/alternative comedians,1958,
Les Barker,https://en.wikipedia.org/wiki/Les_Barker,Musical comedians,1947,
Les Dawson,https://en.wikipedia.org/wiki/Les_Dawson,Comedy panel game regulars,,
Les Dennis,https://en.wikipedia.org/wiki/Les_Dennis,Stand-up comedians,1953,
Lesley Joseph,https://en.wikipedia.org/wiki/Lesley_Joseph,Sitcom comedians,1945,
Lewis Costello,https://en.wikipedia.org/wiki/Lewis_Costello,Stand-up comedians,1993,
Linda Robson,https://en.wikipedia.org/wiki/Linda_Robson,Sitcom comedians,1958,
Linda Smith,https://en.wikipedia.org/wiki/Linda_Smith_(comedian),Comedy panel game regulars,,
Liza Tarbuck,https://en.wikipedia.org/wiki/Liza_Tarbuck,Sitcom comedians,1964,
Lorna Watson,https://en.wikipedia.org/wiki/Lorna_Watson,Comedy double acts,,
Lou Sanders,https://en.wikipedia.org/wiki/Lou_Sanders,Stand-up comedians,,
Lucy Davis,https://en.wikipedia.org/wiki/Lucy_Davis,Sitcom comedians,1973,
Lucy Porter,https://en.wikipedia.org/wiki/Lucy_Porter,Stand-up comedians,1973,
Lucy Punch,https://en.wikipedia.org/wiki/Lucy_Punch,Sitcom comedians,1977,
Maisie Adam,https://en.wikipedia.org/wiki/Maisie_Adam,Stand-up comedians,,
Marcus Brigstocke,https://en.wikipedia.org/wiki/Marcus_Brigstocke,Stand-up comedians,1973,
Mark Addy,https://en.wikipedia.org/wiki/Mark_Addy,Sitcom comedians,1964,
Mark Gatiss,https://en.wikipedia.org/wiki/Mark_Gatiss,Sketch show/alternative comedians,1966,
Mark Perry,https://en.wikipedia.org/wiki/Mark_Perry_(impressionist),Impressionists,,
Mark Steel,https://en.wikipedia.org/wiki/Mark_Steel,Stand-up comedians,1960,
Mark Thomas,https://en.wikipedia.org/wiki/Mark_Thomas,Satirists,1963,
Mark Watson,https://en.wikipedia.org/wiki/Mark_Watson,Stand-up comedians,1980,
Mark Williams,https://en.wikipedia.org/wiki/Mark_Williams_(actor),Sketch show/alternative comedians,1959,
Martha Howe-Douglas,https://en.wikipedia.org/wiki/Martha_Howe-Douglas,Sitcom comedians,1980,
Martin Clunes,https://en.wikipedia.org/wiki/Martin_Clunes,Sitcom comedians,1961,
Martin Freeman,https://en.wikipedia.org/wiki/Martin_Freeman,Sketch show/alternative comedians,1971,
Mathew Baynton,https://en.wikipedia.org/wiki/Mathew_Baynton,Sitcom comedians,1980,
Matilda Ziegler,https://en.wikipedia.org/wiki/Matilda_Ziegler,Sitcom comedians,1964,
Matt Berry,https://en.wikipedia.org/wiki/Matt_Berry,Sketch show/alternative comedians,1974,
Matt Forde,https://en.wikipedia.org/wiki/Matt_Forde,Impressionists,1982,
Matt King,https://en.wikipedia.org/wiki/Matt_King_(comedian),Sitcom comedians,1968,
Matt Lucas,https://en.wikipedia.org/wiki/Matt_Lucas,Sketch show/alternative comedians,,
Matt Richardson,https://en.wikipedia.org/wiki/Matt_Richardson,Stand-up comedians,1991,
Matthew Cottle,https://en.wikipedia.org/wiki/Matthew_Cottle,Sitcom comedians,1967,
Matthew Floyd Jones,https://en.wikipedia.org/wiki/Matthew_Floyd_Jones,Comedy double acts,,
Matthew Holness,https://en.wikipedia.org/wiki/Matthew_Holness,Sketch show/alternative comedians,1975,
Maureen Lipman,https://en.wikipedia.org/wiki/Maureen_Lipman,Sitcom comedians,1946,
Meera Syal,https://en.wikipedia.org/wiki/Meera_Syal,Sketch show/alternative comedians,1961,
Mel Giedroyc,https://en.wikipedia.org/wiki/Mel_Giedroyc,Comedy double acts,,
Melanie Hudson,https://en.wikipedia.org/wiki/Melanie_Hudson,Comedy double acts,,
"Michael ""Atters"" Attree",https://en.wikipedia.org/wiki/Michael_%22Atters%22_Attree,Satirists,1965,
Michael Barrymore,https://en.wikipedia.org/wiki/Michael_Barrymore,Variety and music hall comedians,1952,
Michael Crawford,https://en.wikipedia.org/wiki/Michael_Crawford,Sitcom comedians,1942,
Michael Dapaah,https://en.wikipedia.org/wiki/Michael_Dapaah,Blog and internet humourists,,
Michael Flanders,https://en.wikipedia.org/wiki/Michael_Flanders,Comedy double acts,,
Michael McIntyre,https://en.wikipedia.org/wiki/Michael_McIntyre,Stand-up comedians,1976,
Michael Palin,https://en.wikipedia.org/wiki/Michael_Palin,Sketch show/alternative comedians,1943,
Michael Spicer,https://en.wikipedia.org/wiki/Michael_Spicer_(comedian),Satirists,,
Michaela Coel,https://en.wikipedia.org/wiki/Michaela_Coel,Sitcom comedians,1987,
Micky Flanagan,https://en.wikipedia.org/wiki/Micky_Flanagan,Stand-up comedians,1962,
Mike Harding,https://en.wikipedia.org/wiki/Mike_Harding,Stand-up comedians,1944,
Mike Hayley,https://en.wikipedia.org/wiki/Mike_Hayley,Impressionists,,
Mike Wozniak,https://en.wikipedia.org/wiki/Mike_Wozniak,Stand-up comedians,1979,
Miles Jupp,https://en.wikipedia.org/wiki/Miles_Jupp,Comedy panel game regulars,,
Millicent Martin,https://en.wikipedia.org/wiki/Millicent_Martin,Sitcom comedians,1934,
Milton Jones,https://en.wikipedia.org/wiki/Milton_Jones,Stand-up comedians,1964,
Miranda Hart,https://en.wikipedia.org/wiki/Miranda_Hart,Stand-up comedians,1972,
Mitch Benn,https://en.wikipedia.org/wiki/Mitch_Benn,Musical comedians,1970,
Mo Gilligan,https://en.wikipedia.org/wiki/Mo_Gilligan,Stand-up comedians,1988,
Monty Python,https://en.wikipedia.org/wiki/Monty_Python,Film,,
Morgana Robinson,https://en.wikipedia.org/wiki/Morgana_Robinson,Impressionists,1982,
Morwenna Banks,https://en.wikipedia.org/wiki/Morwenna_Banks,Sitcom comedians,1961,
Munya Chawawa,https://en.wikipedia.org/wiki/Munya_Chawawa,Satirists,1992,
Murray and Mooney,https://en.wikipedia.org/wiki/Murray_and_Mooney,Variety and music hall comedians,,
Nat Mills and Bobbie,https://en.wikipedia.org/wiki/Nat_Mills_and_Bobbie,Variety and music hall comedians,,
Natalie Casey,https://en.wikipedia.org/wiki/Natalie_Casey,Sitcom comedians,1980,
Natalie Haynes,https://en.wikipedia.org/wiki/Natalie_Haynes,Stand-up comedians,1974,
Neil Morrissey,https://en.wikipedia.org/wiki/Neil_Morrissey,Sitcom comedians,1962,
Nichola McAuliffe,https://en.wikipedia.org/wiki/Nichola_McAuliffe,Sitcom comedians,1955,
Nicholas Lyndhurst,https://en.wikipedia.org/wiki/Nicholas_Lyndhurst,Sitcom comedians,1961,
Nick Frost,https://en.wikipedia.org/wiki/Nick_Frost,Film,1972,
Nick Hancock,https://en.wikipedia.org/wiki/Nick_Hancock,Comedy panel game regulars,1962,
Nick Helm,https://en.wikipedia.org/wiki/Nick_Helm,Sitcom comedians,1980,
Nigel Planer,https://en.wikipedia.org/wiki/Nigel_Planer,Sketch show/alternative comedians,1953,
Nina Conti,https://en.wikipedia.org/wiki/Nina_Conti,Stand-up comedians,1974,
Ninia Benjamin,https://en.wikipedia.org/wiki/Ninia_Benjamin,Stand-up comedians,,
Nish Kumar,https://en.wikipedia.org/wiki/Nish_Kumar,Comedy panel game regulars,,
Noel Fielding,https://en.wikipedia.org/wiki/Noel_Fielding,Stand-up comedians,1973,
Norman Lovett,https://en.wikipedia.org/wiki/Norman_Lovett,Stand-up comedians,1946,
Norman Pace,https://en.wikipedia.org/wiki/Norman_Pace,Comedy double acts,,
Olivia Colman,https://en.wikipedia.org/wiki/Olivia_Colman,Sketch show/alternative comedians,1974,
Omid Djalili,https://en.wikipedia.org/wiki/Omid_Djalili,Comedy panel game regulars,,
Owen O'Neill,https://en.wikipedia.org/wiki/Owen_O%27Neill,Poets with a comedic bent,,
Pam Ayres,https://en.wikipedia.org/wiki/Pam_Ayres,Poets with a comedic bent,1947,
Pamela Stephenson,https://en.wikipedia.org/wiki/Pamela_Stephenson,Sketch show/alternative comedians,1949,
Papa CJ,https://en.wikipedia.org/wiki/Papa_CJ,Stand-up comedians,,
Patricia Routledge,https://en.wikipedia.org/wiki/Patricia_Routledge,Sitcom comedians,1929,
Patrick Fyffe,https://en.wikipedia.org/wiki/Patrick_Fyffe,Comedy double acts,,
Paul Burling,https://en.wikipedia.org/wiki/Paul_Burling,Impressionists,1969,
Paul Chowdhry,https://en.wikipedia.org/wiki/Paul_Chowdhry,Stand-up comedians,1974,
Paul Cinquevalli,https://en.wikipedia.org/wiki/Paul_Cinquevalli,Comedy double acts,,
Paul Foot,https://en.wikipedia.org/wiki/Paul_Foot_(comedian),Stand-up comedians,1973,
Paul Kaye,https://en.wikipedia.org/wiki/Paul_Kaye,Spoof show comedians,,
Paul Merton,https://en.wikipedia.org/wiki/Paul_Merton,Comedy panel game regulars,,
Paul Nicholas,https://en.wikipedia.org/wiki/Paul_Nicholas,Sitcom comedians,1945,
Paul Taylor,https://en.wikipedia.org/wiki/Paul_Taylor_(comedian),Stand-up comedians,1986,
Paul Whitehouse,https://en.wikipedia.org/wiki/Paul_Whitehouse,Sketch show/alternative comedians,1958,
Pauline Quirke,https://en.wikipedia.org/wiki/Pauline_Quirke,Sitcom comedians,1959,
Penelope Keith,https://en.wikipedia.org/wiki/Penelope_Keith,Sitcom comedians,1940,
Penelope Wilton,https://en.wikipedia.org/wiki/Penelope_Wilton,Sitcom comedians,1946,
Penny Broadhurst,https://en.wikipedia.org/wiki/Penny_Broadhurst,Poets with a comedic bent,,
Peter Howitt,https://en.wikipedia.org/wiki/Peter_Howitt_(actor),Sitcom comedians,1957,
Peter Jones,https://en.wikipedia.org/wiki/Peter_Jones_(actor),Comedy panel game regulars,,
Peter Kay,https://en.wikipedia.org/wiki/Peter_Kay,Stand-up comedians,1973,
Peter Richardson,https://en.wikipedia.org/wiki/Peter_Richardson_(actor),Sketch show/alternative comedians,1951,
Peter Serafinowicz,https://en.wikipedia.org/wiki/Peter_Serafinowicz,Sketch show/alternative comedians,1972,
Phil Cool,https://en.wikipedia.org/wiki/Phil_Cool,Stand-up comedians,1948,
Phil Kay,https://en.wikipedia.org/wiki/Phil_Kay,Stand-up comedians,1969,
Phil Lester,https://en.wikipedia.org/wiki/Phil_Lester,Blog and internet humourists,,
Philip Pope,https://en.wikipedia.org/wiki/Philip_Pope,Musical comedians,,
Phill Jupitus,https://en.wikipedia.org/wiki/Phill_Jupitus,Stand-up comedians,1962,
Prunella Scales,https://en.wikipedia.org/wiki/Prunella_Scales,Sitcom comedians,1932,
Rachel Parris,https://en.wikipedia.org/wiki/Rachel_Parris,Comedy panel game regulars,1984,
Rainer Hersch,https://en.wikipedia.org/wiki/Rainer_Hersch,Musical comedians,,
Ralf Little,https://en.wikipedia.org/wiki/Ralf_Little,Sitcom comedians,1980,
Rebecca Front,https://en.wikipedia.org/wiki/Rebecca_Front,Spoof show comedians,,
Reece Shearsmith,https://en.wikipedia.org/wiki/Reece_Shearsmith,Sketch show/alternative comedians,1969,
Revnell and West,https://en.wikipedia.org/wiki/Revnell_and_West,Variety and music hall comedians,,
Rhod Gilbert,https://en.wikipedia.org/wiki/Rhod_Gilbert,Stand-up comedians,1968,
Rhodri Marsden,https://en.wikipedia.org/wiki/Rhodri_Marsden,Blog and internet humourists,,
Rhona Cameron,https://en.wikipedia.org/wiki/Rhona_Cameron,Stand-up comedians,1965,
Richard Ayoade,https://en.wikipedia.org/wiki/Richard_Ayoade,Comedy panel game regulars,1977,
Richard Digance,https://en.wikipedia.org/wiki/Richard_Digance,Musical comedians,1949,
Richard Herring,https://en.wikipedia.org/wiki/Richard_Herring,Stand-up comedians,1967,
Richard Ingrams,https://en.wikipedia.org/wiki/Richard_Ingrams,Comedy panel game regulars,,
Richard Wilson,https://en.wikipedia.org/wiki/Richard_Wilson_(Scottish_actor),Sitcom comedians,1936,
Rick Wakeman,https://en.wikipedia.org/wiki/Rick_Wakeman,Stand-up comedians,1949,
Ricky Gervais,https://en.wikipedia.org/wiki/Ricky_Gervais,Stand-up comedians,1961,
Rik Mayall,https://en.wikipedia.org/wiki/Rik_Mayall,Film,,
Rob Beckett,https://en.wikipedia.org/wiki/Rob_Beckett,Stand-up comedians,1986,
Rob Brydon,https://en.wikipedia.org/wiki/Rob_Brydon,Comedy panel game regulars,,
Rob Newman,https://en.wikipedia.org/wiki/Robert_Newman_(comedian),Sketch show/alternative comedians,1964,
Robert Lindsay,https://en.wikipedia.org/wiki/Robert_Lindsay_(actor),Sitcom comedians,1949,
Robert Llewellyn,https://en.wikipedia.org/wiki/Robert_Llewellyn,Sitcom comedians,1956,
Robert Morley,https://en.wikipedia.org/wiki/Robert_Morley,Comedy panel game regulars,,
Robert Newman,https://en.wikipedia.org/wiki/Robert_Newman_(comedian),Comedy double acts,,
Robert Webb,https://en.wikipedia.org/wiki/Robert_Webb,Comedy panel game regulars,1972,
Robin Ince,https://en.wikipedia.org/wiki/Robin_Ince,Stand-up comedians,1969,
Robin Ray,https://en.wikipedia.org/wiki/Robin_Ray,Comedy panel game regulars,,
Rogan Whitenails,https://en.wikipedia.org/wiki/Rogan_Whitenails,Poets with a comedic bent,,
Roger McGough,https://en.wikipedia.org/wiki/Roger_McGough,Poets with a comedic bent,,
Roisin Conaty,https://en.wikipedia.org/wiki/Roisin_Conaty,Stand-up comedians,1979,
Romesh Ranganathan,https://en.wikipedia.org/wiki/Romesh_Ranganathan,Stand-up comedians,1978,
Ronni Ancona,https://en.wikipedia.org/wiki/Ronni_Ancona,Impressionists,1966,
Ronnie Barker,https://en.wikipedia.org/wiki/Ronnie_Barker,Comedy double acts,,
Ronnie Corbett,https://en.wikipedia.org/wiki/Ronnie_Corbett,Comedy double acts,,
Rory Bremner,https://en.wikipedia.org/wiki/Rory_Bremner,Comedy panel game regulars,1961,
Rory McGrath,https://en.wikipedia.org/wiki/Rory_McGrath,Comedy panel game regulars,,
Rosie Holt,https://en.wikipedia.org/wiki/Rosie_Holt,Satirists,,
Rosie Jones,https://en.wikipedia.org/wiki/Rosie_Jones_(comedian),Comedy panel game regulars,,
Ross Noble,https://en.wikipedia.org/wiki/Ross_Noble,Stand-up comedians,1976,
Rowan Atkinson,https://en.wikipedia.org/wiki/Rowan_Atkinson,Sketch show/alternative comedians,1955,
Rowland Rivron,https://en.wikipedia.org/wiki/Rowland_Rivron,Musical comedians,1958,
Roy 'Chubby' Brown,https://en.wikipedia.org/wiki/Roy_%27Chubby%27_Brown,Stand-up comedians,1945,
Rudolph Walker,https://en.wikipedia.org/wiki/Rudolph_Walker,Sitcom comedians,1939,
Rufus Hound,https://en.wikipedia.org/wiki/Rufus_Hound,Stand-up comedians,1979,
Rufus Jones,https://en.wikipedia.org/wiki/Rufus_Jones_(actor),Sketch show/alternative comedians,1975,
Russ Abbot,https://en.wikipedia.org/wiki/Russ_Abbot,Stand-up comedians,1947,
Russell Brand,https://en.wikipedia.org/wiki/Russell_Brand,Stand-up comedians,1975,
Russell Howard,https://en.wikipedia.org/wiki/Russell_Howard,Stand-up comedians,1980,
Russell Kane,https://en.wikipedia.org/wiki/Russell_Kane,Stand-up comedians,1975,
Sacha Baron Cohen,https://en.wikipedia.org/wiki/Sacha_Baron_Cohen,Film,1971,
Sadia Azmat,https://en.wikipedia.org/wiki/Sadia_Azmat,Stand-up comedians,1987,
Sally Phillips,https://en.wikipedia.org/wiki/Sally_Phillips,Sketch show/alternative comedians,1970,
Sandi Toksvig,https://en.wikipedia.org/wiki/Sandi_Toksvig,Comedy panel game regulars,,
Sanjeev Bhaskar,https://en.wikipedia.org/wiki/Sanjeev_Bhaskar,Sketch show/alternative comedians,1963,
Sara Pascoe,https://en.wikipedia.org/wiki/Sara_Pascoe,Stand-up comedians,1981,
Sarah Hadland,https://en.wikipedia.org/wiki/Sarah_Hadland,Sitcom comedians,1971,
Sarah Keyworth,https://en.wikipedia.org/wiki/Sarah_Keyworth,Stand-up comedians,,
Sarah Millican,https://en.wikipedia.org/wiki/Sarah_Millican,Stand-up comedians,1975,
Sean Lock,https://en.wikipedia.org/wiki/Sean_Lock,Comedy panel game regulars,,
Seann Walsh,https://en.wikipedia.org/wiki/Seann_Walsh,Stand-up comedians,1985,
Sensible Footwear,https://en.wikipedia.org/wiki/Sensible_Footwear,Sketch show/alternative comedians,,
Shaparak Khorsandi,https://en.wikipedia.org/wiki/Shaparak_Khorsandi,Stand-up comedians,1973,
Shazia Mirza,https://en.wikipedia.org/wiki/Shazia_Mirza,Stand-up comedians,1976,
Sheridan Smith,https://en.wikipedia.org/wiki/Sheridan_Smith,Sitcom comedians,1981,
Sid Kipper,https://en.wikipedia.org/wiki/Chris_Sugden,Musical comedians,,
Simon Amstell,https://en.wikipedia.org/wiki/Simon_Amstell,Comedy panel game regulars,,
Simon Bird,https://en.wikipedia.org/wiki/Simon_Bird,Sitcom comedians,1984,
Simon Brint,https://en.wikipedia.org/wiki/Simon_Brint,Musical comedians,1950,
Simon Day,https://en.wikipedia.org/wiki/Simon_Day,Sketch show/alternative comedians,1962,
Simon Fanshawe,https://en.wikipedia.org/wiki/Simon_Fanshawe,Stand-up comedians,1956,
Simon Farnaby,https://en.wikipedia.org/wiki/Simon_Farnaby,Sitcom comedians,1973,
Simon Hoggart,https://en.wikipedia.org/wiki/Simon_Hoggart,Comedy panel game regulars,,
Simon Munnery,https://en.wikipedia.org/wiki/Simon_Munnery,Stand-up comedians,1967,
Simon Pegg,https://en.wikipedia.org/wiki/Simon_Pegg,Film,1970,
Sophie Duker,https://en.wikipedia.org/wiki/Sophie_Duker,Stand-up comedians,,
Stanley Baxter,https://en.wikipedia.org/wiki/Stanley_Baxter,Impressionists,1926,
Stephen Fry,https://en.wikipedia.org/wiki/Stephen_Fry,Comedy panel game regulars,1957,
Stephen K. Amos,https://en.wikipedia.org/wiki/Stephen_K._Amos,Stand-up comedians,1967,
Stephen Merchant,https://en.wikipedia.org/wiki/Stephen_Merchant,Stand-up comedians,1974,
Steve Coogan,https://en.wikipedia.org/wiki/Steve_Coogan,Film,1965,
Steve Pemberton,https://en.wikipedia.org/wiki/Steve_Pemberton,Sketch show/alternative comedians,1967,
Steve Punt,https://en.wikipedia.org/wiki/Steve_Punt,Sketch show/alternative comedians,1962,
Stewart Lee,https://en.wikipedia.org/wiki/Stewart_Lee,Stand-up comedians,1968,
Sue Perkins,https://en.wikipedia.org/wiki/Sue_Perkins,Stand-up comedians,1969,
Susan Calman,https://en.wikipedia.org/wiki/Susan_Calman,Comedy panel game regulars,,
Suzi Ruffell,https://en.wikipedia.org/wiki/Suzi_Ruffell,Stand-up comedians,1986,
Suzy Eddie Izzard,https://en.wikipedia.org/wiki/Suzy_Eddie_Izzard,Stand-up comedians,1962,
Syd Little,https://en.wikipedia.org/wiki/Syd_Little,Comedy double acts,,
Tamsin Greig,https://en.wikipedia.org/wiki/Tamsin_Greig,Sitcom comedians,1966,
Ted Chippington,https://en.wikipedia.org/wiki/Ted_Chippington,Stand-up comedians,1962,
Terry Alderton,https://en.wikipedia.org/wiki/Terry_Alderton,Stand-up comedians,1970,
Terry Gilliam,https://en.wikipedia.org/wiki/Terry_Gilliam,Sketch show/alternative comedians,1940,
Tim Brooke-Taylor,https://en.wikipedia.org/wiki/Tim_Brooke-Taylor,Comedy panel game regulars,,
Tim Key,https://en.wikipedia.org/wiki/Tim_Key,Poets with a comedic bent,,
Tim Minchin,https://en.wikipedia.org/wiki/Tim_Minchin,Musical comedians,1975,
Tim Vine,https://en.wikipedia.org/wiki/Tim_Vine,Stand-up comedians,1967,
Tom Walker,https://en.wikipedia.org/wiki/Jonathan_Pie,Satirists,,
Tommy Cannon,https://en.wikipedia.org/wiki/Tommy_Cannon,Comedy double acts,,
Tony Gardner,https://en.wikipedia.org/wiki/Tony_Gardner,Sitcom comedians,1964,
Tony Hawks,https://en.wikipedia.org/wiki/Tony_Hawks,Comedy panel game regulars,,
Tony Robinson,https://en.wikipedia.org/wiki/Tony_Robinson,Sitcom comedians,1946,
Tracey Ullman,https://en.wikipedia.org/wiki/Tracey_Ullman,Sketch show/alternative comedians,1959,
Vic Reeves,https://en.wikipedia.org/wiki/Vic_Reeves,Sketch show/alternative comedians,1959,
Vicki Pepperdine,https://en.wikipedia.org/wiki/Vicki_Pepperdine,Sitcom comedians,1961,
Victor Lewis-Smith,https://en.wikipedia.org/wiki/Victor_Lewis-Smith,Satirists,1959,
Victoria Wood,https://en.wikipedia.org/wiki/Victoria_Wood,Spoof show comedians,,
Wil Hodgson,https://en.wikipedia.org/wiki/Wil_Hodgson,Stand-up comedians,1978,
Will Adamsdale,https://en.wikipedia.org/wiki/Will_Adamsdale,Stand-up comedians,1974,
Will Mellor,https://en.wikipedia.org/wiki/Will_Mellor,Sitcom comedians,1976,
Willie Rushton,https://en.wikipedia.org/wiki/Willie_Rushton,Comedy panel game regulars,,
Zoe Lyons,https://en.wikipedia.org/wiki/Zoe_Lyons,Comedy panel game regulars,,
