Name,URL,Type,BirthYear,DeathYear,PageLength,Age,Gender,Birthplace,BirthplaceLat,BirthplaceLon,DistanceFromTeddington
Aaron Barschak,https://en.wikipedia.org/wiki/Aaron_Barschak,Stand-up comedians,1966,,3822,59.0,Male,Southwark,51.5061349,-0.1011379,18.36
Abi Roberts,https://en.wikipedia.org/wiki/Abi_Roberts,Stand-up comedians,1976,,2654,49.0,Female,,,,
Adam Bloom,https://en.wikipedia.org/wiki/Adam_Bloom,Stand-up comedians,1971,,1865,54.0,Male,"Richmond-upon-Thames, England",51.4405529,-0.3076394,2.4
Adam Buxton,https://en.wikipedia.org/wiki/Adam_Buxton,Musical comedians,1969,,14201,56.0,Male,Shepherd's Bush,51.5053155,-0.2229856,11.7
Adam Rowe,https://en.wikipedia.org/wiki/Adam_Rowe,Stand-up comedians,1992,,5113,33.0,Male,,,,
Ade Edmondson,https://en.wikipedia.org/wiki/Ade_Edmondson,Film,,,22435,,Male,Bradford,53.7944229,-1.7519186,280.74
Adil Ray,https://en.wikipedia.org/wiki/Adil_Ray,Sitcom comedians,1974,,16473,51.0,Male,"Birmingham, England",52.4796992,-1.9026911,159.58
Adrian Edmondson,https://en.wikipedia.org/wiki/Adrian_Edmondson,Sketch show/alternative comedians,1957,,22435,68.0,Male,Bradford,53.7944229,-1.7519186,280.74
Adrian Scarborough,https://en.wikipedia.org/wiki/Adrian_Scarborough,Comedy double acts,,,6397,,Male,"Melton Mowbray, Leicestershire",52.7645663,-0.8868896,153.91
Adèle Anderson,https://en.wikipedia.org/wiki/Ad%C3%A8le_Anderson,Musical comedians,1952,,5281,73.0,Female,"Southampton, Hampshire, England",50.8995203,-1.3275406,90.96
Ahir Shah,https://en.wikipedia.org/wiki/Ahir_Shah,Stand-up comedians,,,6599,,Male,"London, England, UK",51.5074456,-0.1277653,16.85
Al Murray,https://en.wikipedia.org/wiki/Al_Murray,Stand-up comedians,1968,,21040,57.0,Male,"Stewkley, Buckinghamshire, England",51.920104,-0.7658087,62.83
Alan Carr,https://en.wikipedia.org/wiki/Alan_Carr,Stand-up comedians,1976,,13919,49.0,Male,Weymouth,50.6096257,-2.4543424,174.42
Alan Coren,https://en.wikipedia.org/wiki/Alan_Coren,Comedy panel game regulars,,,8145,,Male,"London, England",51.5074456,-0.1277653,16.85
Alan Davies,https://en.wikipedia.org/wiki/Alan_Davies,Comedy panel game regulars,,,17755,,Male,"Loughton, Essex",51.6467058,0.0544098,36.41
Alex Horne,https://en.wikipedia.org/wiki/Alex_Horne,Musical comedians,1978,,12328,47.0,Male,"Chichester, West Sussex, England",50.8364862,-0.7791721,72.55
Alexander Armstrong,https://en.wikipedia.org/wiki/Alexander_Armstrong,Sketch show/alternative comedians,1970,,26950,55.0,Male,Rothbury,55.309632,-1.9117293,444.99
Alexei Sayle,https://en.wikipedia.org/wiki/Alexei_Sayle,Sketch show/alternative comedians,1952,,26155,73.0,Male,"Anfield, Liverpool",53.4309164,-2.9609314,286.08
Alistair Barrie,https://en.wikipedia.org/wiki/Alistair_Barrie,Stand-up comedians,,,2114,,Male,,,,
Alistair McGowan,https://en.wikipedia.org/wiki/Alistair_McGowan,Impressionists,1964,,14801,61.0,Male,"Evesham, Worcestershire",52.0940158,-1.9483083,134.26
Amelia Dimoldenberg,https://en.wikipedia.org/wiki/Amelia_Dimoldenberg,Blog and internet humourists,,,11341,,Female,"London, England",51.5074456,-0.1277653,16.85
Andi Osho,https://en.wikipedia.org/wiki/Andi_Osho,Stand-up comedians,1973,,6284,52.0,Female,Plaistow,51.5311544,0.0166833,26.89
Andre Vincent,https://en.wikipedia.org/wiki/Andre_Vincent,Stand-up comedians,1964,,7473,61.0,Male,"Penge, England",51.4137657,-0.0516671,19.44
Andrew Lawrence,https://en.wikipedia.org/wiki/Andrew_Lawrence_(comedian),Stand-up comedians,1979,,7691,46.0,Male,,,,
Andrew O'Neill,https://en.wikipedia.org/wiki/Andrew_O%27Neill,Stand-up comedians,1979,,4927,46.0,,"Portsmouth, England",50.800031,-1.0906023,87.51
Andy Hamilton,https://en.wikipedia.org/wiki/Andy_Hamilton,Comedy panel game regulars,,,5338,,Male,"Fulham, London",51.4808834,-0.1943493,11.37
Andy Parsons,https://en.wikipedia.org/wiki/Andy_Parsons,Comedy panel game regulars,,,6383,,Male,"Weymouth, England",50.6096257,-2.4543424,174.42
Andy Zaltzman,https://en.wikipedia.org/wiki/Andy_Zaltzman,Stand-up comedians,1974,,13007,51.0,Male,"Andrew Zaltzman   [citation needed]London, England",,,
Angela Barnes,https://en.wikipedia.org/wiki/Angela_Barnes,Stand-up comedians,1976,,8406,49.0,Female,"Sidcup, London, England",51.4340208,0.1034297,30.2
Angus Deayton,https://en.wikipedia.org/wiki/Angus_Deayton,Comedy panel game regulars,1956,,13167,69.0,Male,Banstead,51.3238969,-0.1986813,14.47
Anil Gupta,https://en.wikipedia.org/wiki/Anil_Gupta_(writer),Sketch show/alternative comedians,,,893,,Male,,,,
Anjana Vasan,https://en.wikipedia.org/wiki/Anjana_Vasan,Sitcom comedians,1987,,6423,38.0,Female,"Madras, Tamil Nadu, India",13.0836939,80.270186,8231.42
Anne Reid,https://en.wikipedia.org/wiki/Anne_Reid,Sitcom comedians,1935,,17844,90.0,Female,"Jesmond, Newcastle upon Tyne",54.9914956,-1.6057608,406.0
Anthony McPartlin,https://en.wikipedia.org/wiki/Anthony_McPartlin,Comedy double acts,,,12457,,Male,Newcastle upon Tyne,54.9738474,-1.6131572,404.19
Arabella Weir,https://en.wikipedia.org/wiki/Arabella_Weir,Sketch show/alternative comedians,1957,,12845,68.0,Female,"San Francisco, California",37.7792588,-122.4193286,8635.4
Armando Iannucci,https://en.wikipedia.org/wiki/Armando_Iannucci,Satirists,1963,,25795,62.0,Male,Glasgow,55.861155,-4.2501687,557.5
Arthur Marshall,https://en.wikipedia.org/wiki/Arthur_Marshall_(broadcaster),Comedy panel game regulars,,,10477,,Male,"MBE, Barnes, London, BBC, Call My Bluff",,,
Athena Kugblenu,https://en.wikipedia.org/wiki/Athena_Kugblenu,Comedy panel game regulars,,,4025,,Female,"London, England",51.5074456,-0.1277653,16.85
Ava Vidal,https://en.wikipedia.org/wiki/Ava_Vidal,Stand-up comedians,1976,,3904,49.0,Female,"Lambeth, London, England",51.4955481,-0.1200826,16.64
Babatunde Aleshe,https://en.wikipedia.org/wiki/Babatunde_Aleshe,Stand-up comedians,,,3302,,Male,"London, England",51.5074456,-0.1277653,16.85
Barry Cryer,https://en.wikipedia.org/wiki/Barry_Cryer,Comedy panel game regulars,,,13630,,Male,"Leeds, West Riding of Yorkshire",54.0813547,-0.1952885,295.81
Barry Took,https://en.wikipedia.org/wiki/Barry_Took,Comedy panel game regulars,,,5952,,Male,"Wood Green, London, England",51.597416,-0.1097795,24.61
Belinda Lang,https://en.wikipedia.org/wiki/Belinda_Lang,Sitcom comedians,1953,,6772,72.0,Female,Marylebone,51.5196374,-0.1519627,16.32
Ben Croshaw,https://en.wikipedia.org/wiki/Ben_Croshaw,Blog and internet humourists,,,27930,,Male,"Rugby, Warwickshire, England",52.3726682,-1.2620038,123.46
Ben Elton,https://en.wikipedia.org/wiki/Ben_Elton,Stand-up comedians,1959,,27849,66.0,Male,"Fitzrovia, London",51.5242031,-0.1330007,17.66
Ben Miles,https://en.wikipedia.org/wiki/Ben_Miles,Sitcom comedians,1966,,7469,59.0,Male,"Wimbledon, London",51.4220721,-0.2052902,8.72
Ben Miller,https://en.wikipedia.org/wiki/Ben_Miller,Sketch show/alternative comedians,1966,,16365,59.0,Male,"Bennet Evan Miller   
[1]London, England[1]",,,
Ben Willbond,https://en.wikipedia.org/wiki/Ben_Willbond,Sitcom comedians,1973,,6286,52.0,Male,"Biggleswade, Bedfordshire, England",52.0882012,-0.2589013,74.02
Bennett Arron,https://en.wikipedia.org/wiki/Bennett_Arron,Stand-up comedians,1973,,4326,52.0,Male,Welsh,52.2928116,-3.73893,253.88
Bethany Black,https://en.wikipedia.org/wiki/Bethany_Black,Stand-up comedians,1978,,9407,47.0,Female,"Chorley, Lancashire, England",53.6531915,-2.6294313,292.95
Bill Bailey,https://en.wikipedia.org/wiki/Bill_Bailey,Stand-up comedians,1964,,31259,61.0,Male,"Keynsham, Somerset",51.4151754,-2.4983133,150.79
Bill Nighy,https://en.wikipedia.org/wiki/Bill_Nighy,Film,1949,,31821,76.0,Male,"Caterham, Surrey",51.2822001,-0.077248,23.7
Bill Oddie,https://en.wikipedia.org/wiki/Bill_Oddie,Sketch show/alternative comedians,1941,,29206,84.0,Male,"Rochdale, Lancashire, England",53.6673085,-2.3015062,283.12
Billy Caryll and Hilda Mundy,https://en.wikipedia.org/wiki/Billy_Caryll_and_Hilda_Mundy,Variety and music hall comedians,,,2977,,Male,"Southwark, London, England",51.504176,-0.1071125,17.89
Billy Connolly,https://en.wikipedia.org/wiki/Billy_Connolly,Stand-up comedians,1942,,66391,83.0,Male,"Anderston, Glasgow",55.8597478,-4.2701138,557.97
Blake Harrison,https://en.wikipedia.org/wiki/Blake_Harrison,Sitcom comedians,1985,,4365,40.0,Male,"Peckham, London, England",51.4700059,-0.0694125,18.85
Bob Golding,https://en.wikipedia.org/wiki/Bob_Golding,Comedy double acts,,,4535,,Male,,,,
Bob Mortimer,https://en.wikipedia.org/wiki/Bob_Mortimer,Sketch show/alternative comedians,1959,,16658,66.0,Male,Middlesbrough,54.5760419,-1.2344047,355.94
Bobby Ball,https://en.wikipedia.org/wiki/Bobby_Ball,Comedy double acts,,,11609,,Male,"Robert HarperOldham, Lancashire, England",,,
Bobby Davro,https://en.wikipedia.org/wiki/Bobby_Davro,Impressionists,1958,,10058,67.0,Male,"Ashford, Middlesex",40.3260206,-74.5600555,5638.27
Boothby Graffoe,https://en.wikipedia.org/wiki/Boothby_Graffoe_(comedian),Stand-up comedians,1962,,7108,63.0,Male,,,,
Brian Conley,https://en.wikipedia.org/wiki/Brian_Conley,Sketch show/alternative comedians,1961,,14091,64.0,Male,"Paddington, London",51.5161629,-0.1744856,14.9
Brian Murphy,https://en.wikipedia.org/wiki/Brian_Murphy_(actor),Sitcom comedians,1933,,8124,92.0,Male,"Ventnor, Isle of Wight",50.594976,-1.2029747,110.74
Bridget Christie,https://en.wikipedia.org/wiki/Bridget_Christie,Stand-up comedians,1971,,13097,54.0,Female,Gloucester,51.8653705,-2.2458192,141.35
Bud Flanagan,https://en.wikipedia.org/wiki/Bud_Flanagan,Comedy double acts,,,8881,,Male,"Whitechapel, London",51.5197615,-0.0600874,21.58
Cariad Lloyd,https://en.wikipedia.org/wiki/Cariad_Lloyd,Comedy panel game regulars,,,8022,,Female,London,51.5074456,-0.1277653,16.85
Caroline Quentin,https://en.wikipedia.org/wiki/Caroline_Quentin,Sitcom comedians,1960,,13568,65.0,Female,Reigate,51.2376557,-0.2057067,22.53
Catherine Tate,https://en.wikipedia.org/wiki/Catherine_Tate,Sketch show/alternative comedians,1968,,59291,57.0,Female,"Bloomsbury, London",51.5242031,-0.1330007,17.66
Catherine Tyldesley,https://en.wikipedia.org/wiki/Catherine_Tyldesley,Sitcom comedians,1983,,13572,42.0,Female,Walkden,53.5242276,-2.3984426,272.63
Celia Imrie,https://en.wikipedia.org/wiki/Celia_Imrie,Sitcom comedians,1952,,18665,73.0,Female,"Guildford, Surrey",51.2356068,-0.5732063,26.96
Charlie Higson,https://en.wikipedia.org/wiki/Charlie_Higson,Sketch show/alternative comedians,1958,,8549,67.0,Male,"Frome, Somerset",51.2294852,-2.3198467,140.34
Charlie Naughton,https://en.wikipedia.org/wiki/Charlie_Naughton,Comedy double acts,,,1488,,Male,"Charles John NaughtonGlasgow, Scotland",,,
Charlie Wernham,https://en.wikipedia.org/wiki/Charlie_Wernham,Sitcom comedians,1994,,4979,31.0,Male,"Billericay, England",51.6245474,0.4167616,56.45
Charlotte Ritchie,https://en.wikipedia.org/wiki/Charlotte_Ritchie,Sitcom comedians,1989,,6308,36.0,Female,"Clapham, London, England",51.4644589,-0.1705184,11.99
Chesney Allen,https://en.wikipedia.org/wiki/Chesney_Allen,Comedy double acts,,,3442,,Male,Battersea,51.4707933,-0.172214,12.16
Chris Addison,https://en.wikipedia.org/wiki/Chris_Addison,Comedy panel game regulars,,,13009,,Male,Cardiff,51.4816546,-3.1791934,198.1
Chris Barrie,https://en.wikipedia.org/wiki/Chris_Barrie,Impressionists,1960,,8919,65.0,Male,Hanover,52.3744779,9.7385532,700.5
Chris Donald,https://en.wikipedia.org/wiki/Chris_Donald,"Cartoonists, caricaturists, etc.",1960,,2510,65.0,Male,,,,
Chris Langham,https://en.wikipedia.org/wiki/Chris_Langham,Spoof show comedians,,,15465,,Male,"Christopher Langham   [citation needed]London, England",,,
Chris McCausland,https://en.wikipedia.org/wiki/Chris_McCausland,Stand-up comedians,1977,,11284,48.0,Male,Liverpool,53.4071991,-2.99168,285.38
Chris Morris,https://en.wikipedia.org/wiki/Chris_Morris_(satirist),Satirists,1962,,24376,63.0,Male,"Buckden, Cambridgeshire, England",52.2965726,-0.2517052,97.19
Clapham and Dwyer,https://en.wikipedia.org/wiki/Clapham_and_Dwyer,Variety and music hall comedians,,,4412,,Male,"Clapham and Dwyer were a British comedy duo popular in the s and s, comprising Charlie Clapham  and Bill Dwyer .",,,
Clement Freud,https://en.wikipedia.org/wiki/Clement_Freud,Comedy panel game regulars,,,17281,,Male,"Berlin, German Reich",,,
Clive Anderson,https://en.wikipedia.org/wiki/Clive_Anderson,Comedy panel game regulars,,,9758,,Male,"Stanmore, London",51.6188526,-0.3026271,21.72
Collinson and Dean,https://en.wikipedia.org/wiki/Collinson_and_Dean,Variety and music hall comedians,,,3171,,Male,Collinson and Dean were a British comedy double act popular during the s and s.  They were Will Collinson,,,
Craig Charles,https://en.wikipedia.org/wiki/Craig_Charles,Stand-up comedians,1964,,29280,61.0,Male,Liverpool,53.4071991,-2.99168,285.38
Crazy Gang,https://en.wikipedia.org/wiki/Crazy_Gang_(comedy_group),Comedy double acts,,,6370,,,,,,
Daisy May Cooper,https://en.wikipedia.org/wiki/Daisy_May_Cooper,Comedy panel game regulars,,,7984,,Female,"Basingstoke, Hampshire, England",51.262826,-1.0861976,55.63
Daniel Howell,https://en.wikipedia.org/wiki/Daniel_Howell,Blog and internet humourists,,,30981,,Male,"Daniel James Howell   Wokingham, Berkshire, England",,,
Daniel Kitson,https://en.wikipedia.org/wiki/Daniel_Kitson,Stand-up comedians,1977,,13638,48.0,Male,"Denby Dale, Yorkshire, England",53.5728721,-1.663204,255.62
Daniel Lawrence Taylor,https://en.wikipedia.org/wiki/Daniel_Lawrence_Taylor,Comedy double acts,,,2293,,Male,"Daniel Lawrence Taylor is a British actor, comedy writer, and producer.",,,
Daniel Sloss,https://en.wikipedia.org/wiki/Daniel_Sloss,Stand-up comedians,1990,,15972,35.0,Male,"Kingston upon Thames, England",51.4096275,-0.3062621,2.36
Danny Bhoy,https://en.wikipedia.org/wiki/Danny_Bhoy,Stand-up comedians,1974,,4907,51.0,Male,"Moffat, Dumfriesshire, Scotland",55.0761955,-3.5982475,461.12
Danny John-Jules,https://en.wikipedia.org/wiki/Danny_John-Jules,Sitcom comedians,1960,,10196,65.0,Male,"Jules   Paddington, London, England",,,
Dave Gorman,https://en.wikipedia.org/wiki/Dave_Gorman,Stand-up comedians,1971,,28269,54.0,Male,Stafford,38.4167265,-77.4579783,5965.78
Dave Lamb,https://en.wikipedia.org/wiki/Dave_Lamb,Impressionists,,,7265,,Male,Westminster,51.5004439,-0.1265398,16.51
Dave Thompson,https://en.wikipedia.org/wiki/Dave_Thompson_(comedian),Stand-up comedians,1960,,2059,65.0,Male,"David Thompson   Bristol, England",,,
David Baddiel,https://en.wikipedia.org/wiki/David_Baddiel,Sketch show/alternative comedians,1964,,27292,61.0,Male,"Troy, New York",42.7284117,-73.6917878,5416.65
David Jason,https://en.wikipedia.org/wiki/David_Jason,Sitcom comedians,1940,,18232,85.0,Male,"Edmonton, Middlesex",51.6165556,-0.0788815,27.61
David Mitchell,https://en.wikipedia.org/wiki/David_Mitchell_(comedian),Comedy panel game regulars,1974,,41604,51.0,Male,"Salisbury, Wiltshire",51.0690613,-1.7954134,109.65
David Walliams,https://en.wikipedia.org/wiki/David_Walliams,Sketch show/alternative comedians,1971,,55917,54.0,Male,"David Edward Williams   London, England",,,
Dawn French,https://en.wikipedia.org/wiki/Dawn_French,Sketch show/alternative comedians,1957,,29114,68.0,Female,Holyhead,53.3106715,-4.6330966,360.37
Debra Stephenson,https://en.wikipedia.org/wiki/Debra_Stephenson,Impressionists,1972,,12760,53.0,Female,"Hull, Yorkshire",53.7623863,-0.3301214,260.17
Declan Donnelly,https://en.wikipedia.org/wiki/Declan_Donnelly,Comedy double acts,,,13224,,Male,Newcastle upon Tyne,54.9738474,-1.6131572,404.19
Derek Nimmo,https://en.wikipedia.org/wiki/Derek_Nimmo,Comedy panel game regulars,,,9484,,Male,"Liverpool, Lancashire",53.6443219,-2.8167292,299.1
Diane Morgan,https://en.wikipedia.org/wiki/Diane_Morgan,Comedy panel game regulars,1975,,14449,50.0,Female,"Farnworth, Greater Manchester, England",53.5485989,-2.3969984,274.89
Doc Brown,https://en.wikipedia.org/wiki/Doc_Brown_(rapper),Stand-up comedians,1977,,8171,48.0,Male,London,51.5074456,-0.1277653,16.85
Dom Joly,https://en.wikipedia.org/wiki/Dom_Joly,Sketch show/alternative comedians,1967,,9770,58.0,Male,Beirut,33.8892265,35.5025585,3472.06
Dominic Holland,https://en.wikipedia.org/wiki/Dominic_Holland,Stand-up comedians,1967,,9471,58.0,Male,London,51.5074456,-0.1277653,16.85
Don Juan,https://en.wikipedia.org/wiki/Don_Juan_(Byron),Comedy double acts,,,31905,,Male,,,,
Donald Swann,https://en.wikipedia.org/wiki/Donald_Swann,Comedy double acts,,,9877,,Male,Llanelli,51.6797331,-4.1620223,267.24
Doon Mackichan,https://en.wikipedia.org/wiki/Doon_Mackichan,Sketch show/alternative comedians,1962,,6601,63.0,Female,"London, England",51.5074456,-0.1277653,16.85
Dudley Moore,https://en.wikipedia.org/wiki/Dudley_Moore,Comedy double acts,,,30133,,Male,Charing Cross,51.5074975,-0.1236888,17.09
Duncan Preston,https://en.wikipedia.org/wiki/Duncan_Preston,Sitcom comedians,1946,,3330,79.0,Male,"Bradford, West Riding of Yorkshire",,,
Earl Okin,https://en.wikipedia.org/wiki/Earl_Okin,Musical comedians,1947,,4789,78.0,Male,"Surrey, England",51.2715316,-0.3414524,17.02
Ed Gamble,https://en.wikipedia.org/wiki/Ed_Gamble,Stand-up comedians,1986,,10851,39.0,Male,Hammersmith,51.4920377,-0.2236401,10.58
Eddie Large,https://en.wikipedia.org/wiki/Eddie_Large,Comedy double acts,,,5301,,Male,"Edward Hugh McGinnisGlasgow, Scotland",,,
Edwyn Collins,https://en.wikipedia.org/wiki/Edwyn_Collins,Musical comedians,1959,,20025,66.0,Male,Edinburgh,55.9533456,-3.1883749,538.15
Eleanor Bron,https://en.wikipedia.org/wiki/Eleanor_Bron,Satirists,1938,,15219,87.0,Female,"Stanmore, Middlesex, England",51.6188526,-0.3026271,21.72
Eleanor Morton,https://en.wikipedia.org/wiki/Eleanor_Morton_(comedian),Stand-up comedians,,,4907,,Female,"Eleanor Morton is a Scottish comedian, actor, and writer.[2]",,,
Elis James,https://en.wikipedia.org/wiki/Elis_James,Comedy panel game regulars,,,14822,,Male,Haverfordwest,51.8021275,-4.9684249,323.93
Ellie Taylor,https://en.wikipedia.org/wiki/Ellie_Taylor,Stand-up comedians,1983,,9408,42.0,Female,"Eleanor TaylorBrentwood, Essex, England",,,
Ellie White,https://en.wikipedia.org/wiki/Ellie_White,Sketch show/alternative comedians,1989,,3733,36.0,Female,"Oxford, England",51.7520131,-1.2578499,73.88
Elsie and Doris Waters,https://en.wikipedia.org/wiki/Elsie_and_Doris_Waters,Variety and music hall comedians,,,9180,,Female,Bromley-by-Bow,51.5246287,-0.0123189,24.77
Emily Atack,https://en.wikipedia.org/wiki/Emily_Atack,Sitcom comedians,1989,,8164,36.0,Female,"Luton, Bedfordshire",52.0640034,-0.4111138,71.38
Eric Idle,https://en.wikipedia.org/wiki/Eric_Idle,Sketch show/alternative comedians,1943,,34771,82.0,Male,"South Shields, England",54.9987414,-1.4321848,404.53
Eric Morecambe,https://en.wikipedia.org/wiki/Eric_Morecambe,Comedy double acts,,,19108,,Male,Morecambe,54.0721085,-2.8650938,340.69
Ernie Wise,https://en.wikipedia.org/wiki/Ernie_Wise,Comedy double acts,,,10176,,Male,"Leeds, West Riding of Yorkshire",54.0813547,-0.1952885,295.81
Eros Vlahos,https://en.wikipedia.org/wiki/Eros_Vlahos,Stand-up comedians,1995,,2239,30.0,Male,"London, England",51.5074456,-0.1277653,16.85
Faith Brown,https://en.wikipedia.org/wiki/Faith_Brown,Impressionists,1944,,5314,81.0,Female,"Liverpool, Merseyside",53.4953602,-2.973938,292.17
Fayne and Evans,https://en.wikipedia.org/wiki/Fayne_and_Evans,Variety and music hall comedians,,,2787,,Male,Fayne and Evans were an English comedy duo who were popular in the late s and s.  They were Tony Fayne,,,
Fiona Allen,https://en.wikipedia.org/wiki/Fiona_Allen,Sketch show/alternative comedians,1965,,2896,60.0,Female,"Bury, Lancashire, England",53.5967222,-2.7208738,291.11
First World War,https://en.wikipedia.org/wiki/First_World_War,Comedy double acts,,,149053,,,,,,
Flo and Joan,https://en.wikipedia.org/wiki/Flo_and_Joan,Musical comedians,,,3560,,Female,,,,
Francesca Martinez,https://en.wikipedia.org/wiki/Francesca_Martinez,Stand-up comedians,1978,,10616,47.0,Female,,,,
Francis Wheen,https://en.wikipedia.org/wiki/Francis_Wheen,Comedy panel game regulars,,,8768,,Male,Francis James Baird Wheen,,,
Frank Muir,https://en.wikipedia.org/wiki/Frank_Muir,Comedy panel game regulars,,,10746,,Male,Ramsgate,51.3334726,1.4196476,122.28
Frank Skinner,https://en.wikipedia.org/wiki/Frank_Skinner,Stand-up comedians,1957,,19144,68.0,Male,"West Bromwich, Staffordshire",,,
Frankie Boyle,https://en.wikipedia.org/wiki/Frankie_Boyle,Comedy panel game regulars,,,37786,,Male,"Pollokshaws, Scotland",55.8252913,-4.2942737,555.38
Gareth Hale,https://en.wikipedia.org/wiki/Gareth_Hale,Comedy double acts,,,2405,,Male,Gareth Irvin Hale,,,
Gary Delaney,https://en.wikipedia.org/wiki/Gary_Delaney,Stand-up comedians,1973,,5205,52.0,Male,Gary Delaney,41.5787347,-87.3489872,6367.41
Gary Le Strange,https://en.wikipedia.org/wiki/Gary_Le_Strange,Musical comedians,1971,,1110,54.0,Male,,,,
George Logan,https://en.wikipedia.org/wiki/George_Logan_(performer),Comedy double acts,,,10254,,Male,"Rutherglen, Scotland",55.8284315,-4.2134405,553.19
Gerald Scarfe,https://en.wikipedia.org/wiki/Gerald_Scarfe,"Cartoonists, caricaturists, etc.",,,18786,,Male,"Gerald Anthony Scarfe   London, England",,,
Gina Yashere,https://en.wikipedia.org/wiki/Gina_Yashere,Stand-up comedians,1974,,6858,51.0,Female,Bethnal Green,51.5303456,-0.0561633,22.42
Gordon Southern,https://en.wikipedia.org/wiki/Gordon_Southern,Stand-up comedians,,,2044,,Male,,,,
Graeme Garden,https://en.wikipedia.org/wiki/Graeme_Garden,Comedy panel game regulars,1943,,12428,82.0,Male,Aberdeen,57.1482429,-2.0928095,647.32
Graham Fellows,https://en.wikipedia.org/wiki/Graham_Fellows,Musical comedians,1959,,13722,66.0,Male,"Sheffield, West Riding of Yorkshire",,,
Greg Davies,https://en.wikipedia.org/wiki/Greg_Davies,Stand-up comedians,1968,,10641,57.0,Male,"St Asaph, Flintshire",53.3221794,-3.3428746,294.37
Greg McHugh,https://en.wikipedia.org/wiki/Greg_McHugh,Sitcom comedians,1980,,4490,45.0,Male,"Edinburgh, Scotland",55.9533456,-3.1883749,538.15
Gregor Fisher,https://en.wikipedia.org/wiki/Gregor_Fisher,Sketch show/alternative comedians,1953,,4624,72.0,Male,"Menstrie, Clackmannanshire, Scotland",56.1514168,-3.8537721,574.9
Griff Rhys Jones,https://en.wikipedia.org/wiki/Griff_Rhys_Jones,Sketch show/alternative comedians,1953,,22145,72.0,Male,Cardiff,51.4816546,-3.1791934,198.1
Harriet Braine,https://en.wikipedia.org/wiki/Harriet_Braine,Musical comedians,,,3984,,Female,"Funny Women Awards, Ellie Taylor",,,
Harry Enfield,https://en.wikipedia.org/wiki/Harry_Enfield,Comedy panel game regulars,1961,,14902,64.0,Male,"Horsham, Sussex",51.0630273,-0.3295028,40.2
Harry Hill,https://en.wikipedia.org/wiki/Harry_Hill,Sketch show/alternative comedians,1964,,23441,61.0,Male,"Matthew Keith Hall   Woking, Surrey, England",,,
Haver and Lee,https://en.wikipedia.org/wiki/Haver_and_Lee,Variety and music hall comedians,,,5942,,Male,Frank Mendoza Jr,,,
Helen Atkinson-Wood,https://en.wikipedia.org/wiki/Helen_Atkinson-Wood,Sitcom comedians,1955,,5460,70.0,Female,,,,
Helen Lederer,https://en.wikipedia.org/wiki/Helen_Lederer,Sitcom comedians,1954,,10642,71.0,Female,"Carmarthen, Wales",51.8591257,-4.3115907,279.76
Henry Naylor,https://en.wikipedia.org/wiki/Henry_Naylor,Comedy double acts,,,8791,,Male,Henry James Naylor,,,
Henry Normal,https://en.wikipedia.org/wiki/Henry_Normal,Poets with a comedic bent,,,5451,,Male,Nottingham,52.9534193,-1.1496461,179.12
Hinge and Bracket,https://en.wikipedia.org/wiki/Hinge_and_Bracket,Musical comedians,,,11303,,,,,,
Holly Walsh,https://en.wikipedia.org/wiki/Holly_Walsh,Stand-up comedians,1980,,4878,45.0,Female,"Guildford, England",51.2356068,-0.5732063,26.96
Hugh Dennis,https://en.wikipedia.org/wiki/Hugh_Dennis,Comedy panel game regulars,1962,,11944,63.0,Male,"Kettering, Northamptonshire",52.3994233,-0.728004,111.88
Hugh Laurie,https://en.wikipedia.org/wiki/Hugh_Laurie,Sketch show/alternative comedians,1959,,34809,66.0,Male,"Blackbird Leys, Oxfordshire",51.7215476,-1.1976584,68.6
Hugo Speer,https://en.wikipedia.org/wiki/Hugo_Speer,Comedy double acts,,,5960,,Male,"Harrogate, West Riding of Yorkshire",,,
Humphrey Ker,https://en.wikipedia.org/wiki/Humphrey_Ker,Sitcom comedians,1982,,10007,43.0,Male,"London, England",51.5074456,-0.1277653,16.85
Humphrey Lyttelton,https://en.wikipedia.org/wiki/Humphrey_Lyttelton,Comedy panel game regulars,,,19865,,Male,Eton College,51.494204,-0.6063262,20.68
Ian Hislop,https://en.wikipedia.org/wiki/Ian_Hislop,Comedy panel game regulars,1960,,22766,65.0,Male,"Mumbles, Swansea",51.5722675,-3.9945034,254.94
Ian Stone,https://en.wikipedia.org/wiki/Ian_Stone,Stand-up comedians,1963,,1982,62.0,Male,"Mock the Week, Fighting Talk, The Jam",,,
Ikenna Azuike,https://en.wikipedia.org/wiki/Ikenna_Azuike,Satirists,1979,,4817,46.0,Male,"Surulere, Lagos, Nigeria",6.4855737,3.3539907,4993.75
Ingrid Oliver,https://en.wikipedia.org/wiki/Ingrid_Oliver,Comedy double acts,,,4220,,Female,,,,
Isy Suttie,https://en.wikipedia.org/wiki/Isy_Suttie,Comedy panel game regulars,1978,,9693,47.0,Female,Hull,53.7623863,-0.3301214,260.17
Ivo Graham,https://en.wikipedia.org/wiki/Ivo_Graham,Stand-up comedians,1990,,6581,35.0,Male,"Ivo Charles GrahamTokyo, Japan",,,
Ivor Biggun,https://en.wikipedia.org/wiki/Doc_Cox,Musical comedians,1946,,3339,79.0,Male,,,,
Jack Binstead,https://en.wikipedia.org/wiki/Jack_Binstead,Sitcom comedians,1996,,1059,29.0,Male,London,51.5074456,-0.1277653,16.85
Jack Davenport,https://en.wikipedia.org/wiki/Jack_Davenport,Sitcom comedians,1973,,5889,52.0,Male,"Wimbledon, London",51.4220721,-0.2052902,8.72
Jack Dee,https://en.wikipedia.org/wiki/Jack_Dee,Stand-up comedians,1961,,14696,64.0,Male,"Bromley, Kent",51.4121288,-0.0453365,19.89
Jack Whitehall,https://en.wikipedia.org/wiki/Jack_Whitehall,Stand-up comedians,1988,,29828,37.0,Male,London,51.5074456,-0.1277653,16.85
Jameela Jamil,https://en.wikipedia.org/wiki/Jameela_Jamil,Sitcom comedians,1986,,39436,39.0,Female,London,51.5074456,-0.1277653,16.85
James Acaster,https://en.wikipedia.org/wiki/James_Acaster,Stand-up comedians,1985,,69393,40.0,Male,"Kettering, Northamptonshire",52.3994233,-0.728004,111.88
James Bachman,https://en.wikipedia.org/wiki/James_Bachman,Sketch show/alternative comedians,,,8282,,Male,"Cuckfield, Sussex, England",51.0055129,-0.1393153,48.48
James Bolam,https://en.wikipedia.org/wiki/James_Bolam,Sitcom comedians,1935,,9043,90.0,Male,"Sunderland, County Durham",54.7341676,-1.5896969,377.86
James Buckley,https://en.wikipedia.org/wiki/James_Buckley_(actor),Sitcom comedians,1987,,13240,38.0,Male,Croydon,51.3713049,-0.101957,16.97
James Dreyfus,https://en.wikipedia.org/wiki/James_Dreyfus,Sitcom comedians,1968,,5877,57.0,Male,"James Louis de Zogheb Dreyfus   London, England",,,
James Fleet,https://en.wikipedia.org/wiki/James_Fleet,Sitcom comedians,1952,,10760,73.0,Male,Bilston,52.5700229,-2.0822333,175.27
Jamie Demetriou,https://en.wikipedia.org/wiki/Jamie_Demetriou,Sitcom comedians,1987,,7323,38.0,Male,"London, England",51.5074456,-0.1277653,16.85
Jan Ravens,https://en.wikipedia.org/wiki/Jan_Ravens,Impressionists,1958,,5321,67.0,Female,"Janet Ravens   Bebington, England",,,
Jane Horrocks,https://en.wikipedia.org/wiki/Jane_Horrocks,Sitcom comedians,1964,,11775,61.0,Female,"Rawtenstall, Lancashire",53.7012824,-2.2862723,285.95
Jane Leeves,https://en.wikipedia.org/wiki/Jane_Leeves,Sitcom comedians,1961,,7637,64.0,Female,"Ilford, Essex",51.5769867,0.0948548,34.07
Janice Connolly,https://en.wikipedia.org/wiki/Janice_Connolly,Stand-up comedians,1954,,7302,71.0,Female,"Stockport, Cheshire, England",,,
Jason Manford,https://en.wikipedia.org/wiki/Jason_Manford,Stand-up comedians,1981,,17751,44.0,Male,Salford,53.4877463,-2.2891921,265.39
Jasper Carrott,https://en.wikipedia.org/wiki/Jasper_Carrott,Stand-up comedians,1945,,13027,80.0,Male,Birmingham,52.4796992,-1.9026911,159.58
Jay Foreman,https://en.wikipedia.org/wiki/Jay_Foreman_(comedian),Musical comedians,,,7820,,Male,"Stanmore, London, England",51.6188526,-0.3026271,21.72
Jeff Green,https://en.wikipedia.org/wiki/Jeff_Green_(comedian),Stand-up comedians,1964,,2428,61.0,Male,"Chester, England",53.1908873,-2.8908955,262.9
Jen Brister,https://en.wikipedia.org/wiki/Jen_Brister,Stand-up comedians,1975,,8035,50.0,Female,London,51.5074456,-0.1277653,16.85
Jennifer Saunders,https://en.wikipedia.org/wiki/Jennifer_Saunders,Sketch show/alternative comedians,1958,,22651,67.0,Female,"Sleaford, Lincolnshire",52.99965,-0.4095586,175.36
Jennifer Veal,https://en.wikipedia.org/wiki/Jennifer_Veal,Sitcom comedians,1991,,5847,34.0,Female,"Coventry, West Midlands",52.4081812,-1.510477,136.28
Jenny Eclair,https://en.wikipedia.org/wiki/Jenny_Eclair,Radio comedians,1960,,11768,65.0,Female,"Kuala Lumpur, Federation of Malaya, Malaysia",,,
Jeremy Dyson,https://en.wikipedia.org/wiki/Jeremy_Dyson,Sketch show/alternative comedians,1966,,7110,59.0,Male,"Leeds, West Yorkshire, UK",53.7974185,-1.5437941,276.55
Jeremy Hardy,https://en.wikipedia.org/wiki/Jeremy_Hardy,Comedy panel game regulars,,,13549,,Male,"Farnborough, Hampshire",51.2918693,-0.7539836,32.97
Jessica Hynes,https://en.wikipedia.org/wiki/Jessica_Hynes,Sitcom comedians,1972,,9429,53.0,Female,"Jessica StevensonLewisham, London, England",,,
Jessica Knappett,https://en.wikipedia.org/wiki/Jessica_Knappett,Sitcom comedians,1984,,4344,41.0,Female,"Bingley, West Yorkshire, England",53.8479533,-1.8384526,288.35
Jim Davidson,https://en.wikipedia.org/wiki/Jim_Davidson,Stand-up comedians,1954,,23470,71.0,Male,"Kidbrooke, London",51.4620317,0.0279002,25.27
Jim Tavaré,https://en.wikipedia.org/wiki/Jim_Tavar%C3%A9,Musical comedians,1963,,4423,62.0,Male,"Essex, England",51.7704679,0.4646698,67.22
Jimeoin,https://en.wikipedia.org/wiki/Jimeoin,Stand-up comedians,1966,,6391,59.0,Male,Leamington Spa,52.2913394,-1.536404,127.3
Jimmy Carr,https://en.wikipedia.org/wiki/Jimmy_Carr,Stand-up comedians,1972,,52075,53.0,Male,"Isleworth, London, England",51.4748823,-0.3368946,5.63
Jimmy Cricket,https://en.wikipedia.org/wiki/Jimmy_Cricket,Variety and music hall comedians,1945,,4206,80.0,Male,"Cookstown, County Tyrone",54.6436734,-6.7416008,559.37
Jimmy Gold,https://en.wikipedia.org/wiki/Jimmy_Gold,Comedy double acts,,,2344,,Male,,,,
Jimmy Jones,https://en.wikipedia.org/wiki/Jimmy_Jones_(comedian),Stand-up comedians,1938,,2431,87.0,Male,"Southampton, Hampshire",42.2294201,-72.7296262,5387.13
Jimmy Tarbuck,https://en.wikipedia.org/wiki/Jimmy_Tarbuck,Stand-up comedians,1940,,8829,85.0,Male,"Wavertree, Liverpool",53.3975723,-2.9325105,282.02
Jo Brand,https://en.wikipedia.org/wiki/Jo_Brand,Stand-up comedians,1957,,22906,68.0,Female,Clapham,51.4614469,-0.138627,13.97
Jo Caulfield,https://en.wikipedia.org/wiki/Jo_Caulfield,Stand-up comedians,1963,,2060,62.0,Female,Josephine Caulfield,,,
Jo Enright,https://en.wikipedia.org/wiki/Jo_Enright,Stand-up comedians,1968,,4156,57.0,Female,,,,
Joanna Lumley,https://en.wikipedia.org/wiki/Joanna_Lumley,Sitcom comedians,1946,,43941,79.0,Female,"Srinagar, Jammu and Kashmir",34.0747444,74.8204443,6154.57
Joe Cornish,https://en.wikipedia.org/wiki/Joe_Cornish,Comedy double acts,,,8789,,Male,London,51.5074456,-0.1277653,16.85
Joe Lycett,https://en.wikipedia.org/wiki/Joe_Lycett,Stand-up comedians,1988,,29193,37.0,Male,"Birmingham, England",52.4796992,-1.9026911,159.58
Joe Thomas,https://en.wikipedia.org/wiki/Joe_Thomas_(actor),Sitcom comedians,1983,,6345,42.0,Male,"Chelmsford, Essex",51.7345329,0.4730532,65.53
Joe Wilkinson,https://en.wikipedia.org/wiki/Joe_Wilkinson,Stand-up comedians,1975,,12471,50.0,Male,Bromley,51.4028046,0.0148142,24.15
Joel Dommett,https://en.wikipedia.org/wiki/Joel_Dommett,Stand-up comedians,1985,,12562,40.0,Male,"Rockhampton, Gloucestershire",51.6369909,-2.5052884,152.75
John Bishop,https://en.wikipedia.org/wiki/John_Bishop,Stand-up comedians,1966,,21345,59.0,Male,"Everton, Liverpool, England",53.4203542,-2.973229,285.7
John Cleese,https://en.wikipedia.org/wiki/John_Cleese,Sketch show/alternative comedians,1939,,68322,86.0,Male,Weston-super-Mare,51.3471927,-2.9778916,184.48
John Cooper Clarke,https://en.wikipedia.org/wiki/John_Cooper_Clarke,Poets with a comedic bent,,,18592,,Male,"Salford, Lancashire, England",53.7486232,-2.478544,296.76
John Finnemore,https://en.wikipedia.org/wiki/John_Finnemore,Radio comedians,1977,,12313,48.0,Male,Reading,51.4514953,-0.9836342,45.51
John Hegley,https://en.wikipedia.org/wiki/John_Hegley,Musical comedians,1953,,8047,72.0,Male,"London, England",51.5074456,-0.1277653,16.85
John Moloney,https://en.wikipedia.org/wiki/John_Moloney_(comedian),Stand-up comedians,,,3213,,Male,,,,
John Oliver,https://en.wikipedia.org/wiki/John_Oliver_(comedian),Stand-up comedians,1977,,62909,48.0,Male,"Birmingham, England",52.4796992,-1.9026911,159.58
John Robins,https://en.wikipedia.org/wiki/John_Robins_(comedian),Stand-up comedians,1982,,14248,43.0,Male,Thornbury,50.8532148,-4.2731341,283.11
John Thomson,https://en.wikipedia.org/wiki/John_Thomson_(comedian),Sketch show/alternative comedians,1969,,11463,56.0,Male,"Walkden, Worsley, Lancashire",53.5066384,-2.4204029,271.74
Johnny Vegas,https://en.wikipedia.org/wiki/Johnny_Vegas,Stand-up comedians,1970,,15459,55.0,Male,"St Helens, Lancashire",53.4706093,-2.6134357,275.53
Jon Culshaw,https://en.wikipedia.org/wiki/Jon_Culshaw,Impressionists,1968,,12565,57.0,Male,"Ormskirk, Lancashire",53.5673603,-2.8859603,294.89
Jon Holmes,https://en.wikipedia.org/wiki/Jon_Holmes,Satirists,1973,,15123,52.0,Male,"Stratford-upon-Avon, Warwickshire",52.1927803,-1.70634,127.72
Jon Richardson,https://en.wikipedia.org/wiki/Jon_Richardson,Stand-up comedians,1982,,17472,43.0,Male,"Lancaster, Lancashire, England",54.0488219,-2.8013499,336.32
Jonathan Ross,https://en.wikipedia.org/wiki/Jonathan_Ross,Comedy panel game regulars,,,44859,,Male,"Jonathan Stephen Ross   London, England",,,
Josh Widdicombe,https://en.wikipedia.org/wiki/Josh_Widdicombe,Stand-up comedians,1983,,20029,42.0,Male,"Hammersmith, London",51.494109,-0.2250607,10.67
Joshua Seigal,https://en.wikipedia.org/wiki/Joshua_Seigal,Poets with a comedic bent,,,5213,,Male,"London, England",51.5074456,-0.1277653,16.85
Josie Long,https://en.wikipedia.org/wiki/Josie_Long,Stand-up comedians,1982,,16495,43.0,Female,"Sidcup, London, England",51.4340208,0.1034297,30.2
Judy Cornwell,https://en.wikipedia.org/wiki/Judy_Cornwell,Sitcom comedians,1940,,4215,85.0,Female,"Hammersmith, London",51.494109,-0.2250607,10.67
Julia Davis,https://en.wikipedia.org/wiki/Julia_Davis,Sitcom comedians,1966,,14929,59.0,Female,August,37.979919,-121.2621572,8561.21
Julia Hills,https://en.wikipedia.org/wiki/Julia_Hills,Sitcom comedians,1957,,7072,68.0,Female,,,,
Julia Sawalha,https://en.wikipedia.org/wiki/Julia_Sawalha,Sitcom comedians,1968,,8715,57.0,Female,"Wandsworth, London, England",51.4570271,-0.1932607,10.22
Julian Barratt,https://en.wikipedia.org/wiki/Julian_Barratt,Stand-up comedians,1968,,35183,57.0,Male,Leeds,53.7974185,-1.5437941,276.55
Julian Clary,https://en.wikipedia.org/wiki/Julian_Clary,Stand-up comedians,1959,,21183,66.0,Male,Surbiton,51.3937557,-0.3033105,3.9
Julie Walters,https://en.wikipedia.org/wiki/Julie_Walters,Sitcom comedians,1950,,27050,75.0,Female,"Edgbaston, Birmingham",52.4709941,-1.9225861,159.81
Karl Howman,https://en.wikipedia.org/wiki/Karl_Howman,Sitcom comedians,1952,,3899,73.0,Male,"Woolwich, London, England",51.4919328,0.0703949,28.87
Katherine Bennett,https://en.wikipedia.org/wiki/Katherine_Bennett_(comedian),Stand-up comedians,1976,,1680,49.0,Female,"Hertfordshire, Theology, Open University",,,
Katherine Parkinson,https://en.wikipedia.org/wiki/Katherine_Parkinson,Sitcom comedians,1977,,14768,48.0,Female,"Hounslow, London, England, UK",51.4619551,-0.3623924,4.73
Kathy Burke,https://en.wikipedia.org/wiki/Kathy_Burke,Sitcom comedians,1964,,13259,61.0,Female,"Islington, London",51.5223058,-0.1073604,18.95
Katie Perry,https://en.wikipedia.org/wiki/Katie_Perry,Comedy panel game regulars,,,5141,,Female,"Katie Jane Perry   London, England",,,
Katy Brand,https://en.wikipedia.org/wiki/Katy_Brand,Sketch show/alternative comedians,1979,,7544,46.0,Female,"Katherine Frances Brand 
 Buckinghamshire, England",,,
Kenneth Williams,https://en.wikipedia.org/wiki/Kenneth_Williams,Comedy panel game regulars,,,30855,,Male,"Kenneth Charles WilliamsKing's Cross, London, England",,,
Kenway and Young,https://en.wikipedia.org/wiki/Kenway_and_Young,Variety and music hall comedians,,,3502,,Female,"Kenway and Young were a British comedy duo popular in the s and s.  They were a married couple, Helen Hemmings Young, who performed as Nan Kenway, and Douglas Joseph Young, who also wrote their scripts.",,,
Kerry Godliman,https://en.wikipedia.org/wiki/Kerry_Godliman,Stand-up comedians,1973,,5624,52.0,Female,"Perivale, London, England",51.5364952,-0.3225887,12.48
Kev Orkian,https://en.wikipedia.org/wiki/Kev_Orkian,Stand-up comedians,1974,,8980,51.0,Male,Edmonton,53.5462055,-113.491241,6817.1
Kevin Bridges,https://en.wikipedia.org/wiki/Kevin_Bridges,Stand-up comedians,1986,,10197,39.0,Male,"Clydebank, West Dunbartonshire",55.9026837,-4.4034151,566.26
Kevin Connelly,https://en.wikipedia.org/wiki/Kevin_Connelly,Impressionists,,,1581,,Male,"Middlesbrough, England",54.5760419,-1.2344047,355.94
Kevin Eldon,https://en.wikipedia.org/wiki/Kevin_Eldon,Sketch show/alternative comedians,1960,,14390,65.0,Male,"Kevin RobinsonChatham, Kent, England",,,
Kiell Smith-Bynoe,https://en.wikipedia.org/wiki/Kiell_Smith-Bynoe,Sitcom comedians,1989,,5539,36.0,Male,"London, England",51.5074456,-0.1277653,16.85
Kunal Nayyar,https://en.wikipedia.org/wiki/Kunal_Nayyar,Sitcom comedians,1981,,9212,44.0,Male,"London, England",51.5074456,-0.1277653,16.85
Laura Lexx,https://en.wikipedia.org/wiki/Laura_Lexx,Comedy panel game regulars,,,5291,,Female,"Taunton, Somerset, England",51.0147895,-3.1029086,198.96
Laura Solon,https://en.wikipedia.org/wiki/Laura_Solon,Sketch show/alternative comedians,1979,,6301,46.0,Female,Laura Madalene Solon,,,
Lauren Laverne,https://en.wikipedia.org/wiki/Lauren_Laverne,Comedy panel game regulars,,,16535,,Female,Sunderland,54.9058512,-1.3828727,393.78
Laurence Clark,https://en.wikipedia.org/wiki/Laurence_Clark_(comedian),Stand-up comedians,1974,,5335,51.0,Male,"Laurence Clark is a British stand-up comedian, writer, actor, presenter, and disability rights campaigner. Clark was born with cerebral palsy and uses his line of work to alter the general public's perceptions of disabled people.[1]",,,
Laurence Rickard,https://en.wikipedia.org/wiki/Laurence_Rickard,Sitcom comedians,1975,,3692,50.0,Male,"Laurence Rickard   Brighton, England",,,
Lee Evans,https://en.wikipedia.org/wiki/Lee_Evans_(comedian),Stand-up comedians,1964,,11112,61.0,Male,Bristol,51.4538022,-2.5972985,157.64
Lee Hurst,https://en.wikipedia.org/wiki/Lee_Hurst,Stand-up comedians,1962,,3934,63.0,Male,Tower Hamlets,51.1288633,1.2986686,118.35
Lee Mack,https://en.wikipedia.org/wiki/Lee_Mack,Stand-up comedians,1968,,18332,57.0,Male,"Southport, Lancashire",53.6248844,-2.9622333,303.04
Lee Peart,https://en.wikipedia.org/wiki/Lee_Peart,Stand-up comedians,1990,,3538,35.0,Male,"Lee Peart  is an English comedian, actor, and presenter.",,,
Lemn Sissay,https://en.wikipedia.org/wiki/Lemn_Sissay,Poets with a comedic bent,,,16782,,Male,"Higher End, Wigan, Lancashire",,,
Lenny Henry,https://en.wikipedia.org/wiki/Lenny_Henry,Sketch show/alternative comedians,1958,,37376,67.0,Male,"Dudley, Worcestershire",52.0200547,-1.7421782,117.92
Les Barker,https://en.wikipedia.org/wiki/Les_Barker,Musical comedians,1947,,7344,78.0,Male,"Manchester, England",53.4794892,-2.2451148,263.1
Les Dawson,https://en.wikipedia.org/wiki/Les_Dawson,Comedy panel game regulars,,,12005,,Male,"Leslie DawsonCollyhurst, Manchester, England",,,
Les Dennis,https://en.wikipedia.org/wiki/Les_Dennis,Stand-up comedians,1953,,23092,72.0,Male,Liverpool,53.4071991,-2.99168,285.38
Lesley Joseph,https://en.wikipedia.org/wiki/Lesley_Joseph,Sitcom comedians,1945,,12496,80.0,Female,"Finsbury Park, London",51.5648345,-0.1064144,22.06
Lewis Costello,https://en.wikipedia.org/wiki/Lewis_Costello,Stand-up comedians,1993,,2209,32.0,Male,"Blackburn, Lancashire",53.749326,-2.4840566,297.01
Linda Robson,https://en.wikipedia.org/wiki/Linda_Robson,Sitcom comedians,1958,,9794,67.0,Female,"Islington, North London",51.5426136,-0.1032677,20.55
Linda Smith,https://en.wikipedia.org/wiki/Linda_Smith_(comedian),Comedy panel game regulars,,,10145,,Female,"Linda Helen SmithErith, England",,,
Liza Tarbuck,https://en.wikipedia.org/wiki/Liza_Tarbuck,Sitcom comedians,1964,,8375,61.0,Female,"Liverpool, England",53.4071991,-2.99168,285.38
Lorna Watson,https://en.wikipedia.org/wiki/Lorna_Watson,Comedy double acts,,,1927,,Female,,,,
Lou Sanders,https://en.wikipedia.org/wiki/Lou_Sanders,Stand-up comedians,,,7435,,Female,"Barnstaple, Devon",51.0804057,-4.0600467,263.14
Lucy Davis,https://en.wikipedia.org/wiki/Lucy_Davis,Sitcom comedians,1973,,6435,52.0,Female,Birmingham,52.4796992,-1.9026911,159.58
Lucy Porter,https://en.wikipedia.org/wiki/Lucy_Porter,Stand-up comedians,1973,,8326,52.0,Female,"London, England",51.5074456,-0.1277653,16.85
Lucy Punch,https://en.wikipedia.org/wiki/Lucy_Punch,Sitcom comedians,1977,,7640,48.0,Female,Hammersmith,51.4920377,-0.2236401,10.58
Maisie Adam,https://en.wikipedia.org/wiki/Maisie_Adam,Stand-up comedians,,,12706,,Female,"Pannal, North Yorkshire",53.9585105,-1.532787,293.47
Marcus Brigstocke,https://en.wikipedia.org/wiki/Marcus_Brigstocke,Stand-up comedians,1973,,13361,52.0,Male,Guildford,51.2356068,-0.5732063,26.96
Mark Addy,https://en.wikipedia.org/wiki/Mark_Addy,Sitcom comedians,1964,,8999,61.0,Male,"York, England",53.9656579,-1.0743052,287.22
Mark Gatiss,https://en.wikipedia.org/wiki/Mark_Gatiss,Sketch show/alternative comedians,1966,,37264,59.0,Male,"Sedgefield, County Durham, England",54.6531916,-1.4496577,367.07
Mark Perry,https://en.wikipedia.org/wiki/Mark_Perry_(impressionist),Impressionists,,,1381,,Male,Phillip Perry,37.1627593,-83.1050845,6428.99
Mark Steel,https://en.wikipedia.org/wiki/Mark_Steel,Stand-up comedians,1960,,14915,65.0,Male,"Swanley, Kent, England",51.397509,0.1802263,35.67
Mark Thomas,https://en.wikipedia.org/wiki/Mark_Thomas,Satirists,1963,,23251,62.0,Male,"London, England",51.5074456,-0.1277653,16.85
Mark Watson,https://en.wikipedia.org/wiki/Mark_Watson,Stand-up comedians,1980,,13872,45.0,Male,Bristol,51.4538022,-2.5972985,157.64
Mark Williams,https://en.wikipedia.org/wiki/Mark_Williams_(actor),Sketch show/alternative comedians,1959,,4158,66.0,Male,"Bromsgrove, Worcestershire, England",52.3353816,-2.0597449,156.36
Martha Howe-Douglas,https://en.wikipedia.org/wiki/Martha_Howe-Douglas,Sitcom comedians,1980,,3865,45.0,Female,"Moseley, Birmingham, England",52.4473204,-1.8887846,156.32
Martin Clunes,https://en.wikipedia.org/wiki/Martin_Clunes,Sitcom comedians,1961,,18166,64.0,Male,"Wimbledon, London",51.4220721,-0.2052902,8.72
Martin Freeman,https://en.wikipedia.org/wiki/Martin_Freeman,Sketch show/alternative comedians,1971,,16937,54.0,Male,"Aldershot, Hampshire",51.2494169,-0.7630148,35.88
Mathew Baynton,https://en.wikipedia.org/wiki/Mathew_Baynton,Sitcom comedians,1980,,9891,45.0,Male,Southend-on-Sea,51.5388241,0.7128137,73.59
Matilda Ziegler,https://en.wikipedia.org/wiki/Matilda_Ziegler,Sitcom comedians,1964,,4718,61.0,Female,"Ashford, Kent, England",51.148555,0.8722566,89.35
Matt Berry,https://en.wikipedia.org/wiki/Matt_Berry,Sketch show/alternative comedians,1974,,27870,51.0,Male,"Bromham, Bedfordshire",,,
Matt Forde,https://en.wikipedia.org/wiki/Matt_Forde,Impressionists,1982,,4368,43.0,Male,"Nottingham, Nottinghamshire, England",52.9534193,-1.1496461,179.12
Matt King,https://en.wikipedia.org/wiki/Matt_King_(comedian),Sitcom comedians,1968,,4556,57.0,Male,"Watford, Hertfordshire",51.6553875,-0.3957425,26.09
Matt Lucas,https://en.wikipedia.org/wiki/Matt_Lucas,Sketch show/alternative comedians,,,21593,,Male,Paddington,51.5161629,-0.1744856,14.9
Matt Richardson,https://en.wikipedia.org/wiki/Matt_Richardson,Stand-up comedians,1991,,6462,34.0,Male,"Didcot, Oxfordshire",51.6063587,-1.245999,66.69
Matthew Cottle,https://en.wikipedia.org/wiki/Matthew_Cottle,Sitcom comedians,1967,,3556,58.0,,"Henley-on-Thames, Oxfordshire",51.5375786,-0.9050287,41.84
Matthew Floyd Jones,https://en.wikipedia.org/wiki/Matthew_Floyd_Jones,Comedy double acts,,,1611,,Male,"Kingston upon Thames, Greater London, England[1]",51.41967,-0.2930998,2.66
Matthew Holness,https://en.wikipedia.org/wiki/Matthew_Holness,Sketch show/alternative comedians,1975,,9629,50.0,Male,"Whitstable, Kent, England",51.3606286,1.0240626,94.55
Maureen Lipman,https://en.wikipedia.org/wiki/Maureen_Lipman,Sitcom comedians,1946,,26382,79.0,Female,"Hull, East Riding of Yorkshire",53.9112323,-0.5813105,277.25
Meera Syal,https://en.wikipedia.org/wiki/Meera_Syal,Sketch show/alternative comedians,1961,,17072,64.0,Female,"Feroza Syal   Wolverhampton, England",,,
Mel Giedroyc,https://en.wikipedia.org/wiki/Mel_Giedroyc,Comedy double acts,,,19078,,Female,"Epsom, Surrey",51.3326098,-0.2678212,11.11
Melanie Hudson,https://en.wikipedia.org/wiki/Melanie_Hudson,Comedy double acts,,,1229,,Female,,,,
"Michael ""Atters"" Attree",https://en.wikipedia.org/wiki/Michael_%22Atters%22_Attree,Satirists,1965,,4951,60.0,Male,Colchester Military Hospital,,,
Michael Barrymore,https://en.wikipedia.org/wiki/Michael_Barrymore,Variety and music hall comedians,1952,,29011,73.0,Male,Bermondsey,51.4970125,-0.063268,20.26
Michael Crawford,https://en.wikipedia.org/wiki/Michael_Crawford,Sitcom comedians,1942,,34850,83.0,Male,"Salisbury, Wiltshire",51.0690613,-1.7954134,109.65
Michael Dapaah,https://en.wikipedia.org/wiki/Michael_Dapaah,Blog and internet humourists,,,7430,,Male,"Croydon, London, England",51.5935772,-0.0831493,25.48
Michael Flanders,https://en.wikipedia.org/wiki/Michael_Flanders,Comedy double acts,,,20324,,Male,"Michael Henry FlandersLondon, England",,,
Michael McIntyre,https://en.wikipedia.org/wiki/Michael_McIntyre,Stand-up comedians,1976,,13031,49.0,Male,London,51.5074456,-0.1277653,16.85
Michael Palin,https://en.wikipedia.org/wiki/Michael_Palin,Sketch show/alternative comedians,1943,,47211,82.0,Male,Sheffield,53.3806626,-1.4702278,231.08
Michael Spicer,https://en.wikipedia.org/wiki/Michael_Spicer_(comedian),Satirists,,,3381,,Male,,,,
Michaela Coel,https://en.wikipedia.org/wiki/Michaela_Coel,Sitcom comedians,1987,,20776,38.0,Female,"Collinson   London, England",51.500153,-0.0971382,18.28
Micky Flanagan,https://en.wikipedia.org/wiki/Micky_Flanagan,Stand-up comedians,1962,,8762,63.0,Male,"Whitechapel, London, England",51.5197615,-0.0600874,21.58
Mike Harding,https://en.wikipedia.org/wiki/Mike_Harding,Stand-up comedians,1944,,11728,81.0,Male,"Crumpsall, Manchester, England",53.5209118,-2.2416946,266.98
Mike Hayley,https://en.wikipedia.org/wiki/Mike_Hayley,Impressionists,,,1516,,Male,,,,
Mike Wozniak,https://en.wikipedia.org/wiki/Mike_Wozniak,Stand-up comedians,1979,,6288,46.0,Male,"Oxford, Oxfordshire, England",51.7520131,-1.2578499,73.88
Miles Jupp,https://en.wikipedia.org/wiki/Miles_Jupp,Comedy panel game regulars,,,11353,,Male,London,51.5074456,-0.1277653,16.85
Millicent Martin,https://en.wikipedia.org/wiki/Millicent_Martin,Sitcom comedians,1934,,7318,91.0,Female,"Romford, Essex",51.5842589,0.1597006,38.41
Milton Jones,https://en.wikipedia.org/wiki/Milton_Jones,Stand-up comedians,1964,,5640,61.0,Male,"Kew, London",51.4781975,-0.2968861,6.43
Miranda Hart,https://en.wikipedia.org/wiki/Miranda_Hart,Stand-up comedians,1972,,24678,53.0,Female,"Torquay, Devon",50.4652392,-3.5211361,248.3
Mitch Benn,https://en.wikipedia.org/wiki/Mitch_Benn,Musical comedians,1970,,14510,55.0,Male,"Liverpool, England",53.4071991,-2.99168,285.38
Mo Gilligan,https://en.wikipedia.org/wiki/Mo_Gilligan,Stand-up comedians,1988,,6326,37.0,Male,"Lambeth, London, England",51.4955481,-0.1200826,16.64
Monty Python,https://en.wikipedia.org/wiki/Monty_Python,Film,,,125125,,,,,,
Morgana Robinson,https://en.wikipedia.org/wiki/Morgana_Robinson,Impressionists,1982,,6544,43.0,Female,"Shepparton, Victoria, Australia",-36.3831633,145.3988874,16838.03
Morwenna Banks,https://en.wikipedia.org/wiki/Morwenna_Banks,Sitcom comedians,1961,,9011,64.0,Female,Redruth,50.233989,-5.2276468,369.47
Munya Chawawa,https://en.wikipedia.org/wiki/Munya_Chawawa,Satirists,1992,,5111,33.0,Male,Derby,52.9142235,-1.4719885,183.24
Murray and Mooney,https://en.wikipedia.org/wiki/Murray_and_Mooney,Variety and music hall comedians,,,2394,,,Harry Murray,36.613523,-88.3214124,6807.1
Nat Mills and Bobbie,https://en.wikipedia.org/wiki/Nat_Mills_and_Bobbie,Variety and music hall comedians,,,3225,,Male,"Stepney, Edinburgh",,,
Natalie Casey,https://en.wikipedia.org/wiki/Natalie_Casey,Sitcom comedians,1980,,4004,45.0,Female,"Rawtenstall, Lancashire, England",53.7012824,-2.2862723,285.95
Natalie Haynes,https://en.wikipedia.org/wiki/Natalie_Haynes,Stand-up comedians,1974,,10726,51.0,Female,"Birmingham, England",52.4796992,-1.9026911,159.58
Neil Morrissey,https://en.wikipedia.org/wiki/Neil_Morrissey,Sitcom comedians,1962,,16033,63.0,Male,"Stafford, Staffordshire",52.8063157,-2.1163818,196.48
Nichola McAuliffe,https://en.wikipedia.org/wiki/Nichola_McAuliffe,Sitcom comedians,1955,,5990,70.0,Female,"Nichola Teresa Mary McAuliffe   Dulwich, London, England",,,
Nicholas Lyndhurst,https://en.wikipedia.org/wiki/Nicholas_Lyndhurst,Sitcom comedians,1961,,12533,64.0,Male,"Emsworth, Hampshire, England",50.8473211,-0.9371343,76.97
Nick Frost,https://en.wikipedia.org/wiki/Nick_Frost,Film,1972,,9939,53.0,Male,"Hornchurch, Greater London",51.5617734,0.2207441,41.23
Nick Hancock,https://en.wikipedia.org/wiki/Nick_Hancock,Comedy panel game regulars,1962,,8328,63.0,Male,Stoke-on-Trent,53.0162014,-2.1812607,217.63
Nick Helm,https://en.wikipedia.org/wiki/Nick_Helm,Sitcom comedians,1980,,6715,45.0,Male,West Smithfield,51.5178275,-0.1021753,18.97
Nigel Planer,https://en.wikipedia.org/wiki/Nigel_Planer,Sketch show/alternative comedians,1953,,15363,72.0,Male,"Westminster, London",51.5074456,-0.1277653,16.85
Nina Conti,https://en.wikipedia.org/wiki/Nina_Conti,Stand-up comedians,1974,,10134,51.0,Female,"Hampstead, London, England",51.5565357,-0.178534,18.1
Ninia Benjamin,https://en.wikipedia.org/wiki/Ninia_Benjamin,Stand-up comedians,,,1379,,Female,Edinburgh Festival,55.9465596,-3.1864989,537.4
Nish Kumar,https://en.wikipedia.org/wiki/Nish_Kumar,Comedy panel game regulars,,,11886,,Male,"London, England",51.5074456,-0.1277653,16.85
Noel Fielding,https://en.wikipedia.org/wiki/Noel_Fielding,Stand-up comedians,1973,,31377,52.0,Male,"Westminster, London, England",51.5013562,-0.1249302,16.66
Norman Lovett,https://en.wikipedia.org/wiki/Norman_Lovett,Stand-up comedians,1946,,7054,79.0,Male,"Windsor, Berkshire, England",51.4837886,-0.6040419,20.12
Norman Pace,https://en.wikipedia.org/wiki/Norman_Pace,Comedy double acts,,,2723,,Male,Dudley,52.5110832,-2.0816813,170.59
Olivia Colman,https://en.wikipedia.org/wiki/Olivia_Colman,Sketch show/alternative comedians,1974,,40159,51.0,Female,"Norwich, Norfolk",52.6285576,1.2923954,174.24
Omid Djalili,https://en.wikipedia.org/wiki/Omid_Djalili,Comedy panel game regulars,,,10834,,Male,"Kensington, London, England",51.497437,-0.2094954,11.7
Owen O'Neill,https://en.wikipedia.org/wiki/Owen_O%27Neill,Poets with a comedic bent,,,4275,,Male,"Cookstown, Northern Ireland",54.6436734,-6.7416008,559.37
Pam Ayres,https://en.wikipedia.org/wiki/Pam_Ayres,Poets with a comedic bent,1947,,13989,78.0,Female,"Pamela Ayres[1]   Stanford in the Vale, Berkshire, England",,,
Pamela Stephenson,https://en.wikipedia.org/wiki/Pamela_Stephenson,Sketch show/alternative comedians,1949,,37933,76.0,Female,Takapuna,-36.7878213,174.7729913,18332.88
Papa CJ,https://en.wikipedia.org/wiki/Papa_CJ,Stand-up comedians,,,4407,,Male,Russell Peters,32.3162434,-85.118805,6935.9
Patricia Routledge,https://en.wikipedia.org/wiki/Patricia_Routledge,Sitcom comedians,1929,,30216,96.0,Female,"Tranmere, Cheshire",53.3434136,-2.2094312,248.9
Patrick Fyffe,https://en.wikipedia.org/wiki/Patrick_Fyffe,Comedy double acts,,,4442,,Male,"Acton Trussell, Staffordshire, England",52.7609801,-2.0947176,191.65
Paul Burling,https://en.wikipedia.org/wiki/Paul_Burling,Impressionists,1969,,3132,56.0,Male,"Hertfordshire, England",51.8400523,-0.0978552,48.97
Paul Chowdhry,https://en.wikipedia.org/wiki/Paul_Chowdhry,Stand-up comedians,1974,,7974,51.0,Male,"Edgware, London",51.6136623,-0.2749555,21.41
Paul Cinquevalli,https://en.wikipedia.org/wiki/Paul_Cinquevalli,Comedy double acts,,,4009,,Male,,,,
Paul Foot,https://en.wikipedia.org/wiki/Paul_Foot_(comedian),Stand-up comedians,1973,,14969,52.0,Male,"Amersham, Buckinghamshire, England",51.676685,-0.607692,34.02
Paul Kaye,https://en.wikipedia.org/wiki/Paul_Kaye,Spoof show comedians,,,17041,,Male,"Clapham, London, England",51.4644589,-0.1705184,11.99
Paul Merton,https://en.wikipedia.org/wiki/Paul_Merton,Comedy panel game regulars,,,24714,,Male,"Parsons Green, London",51.4750837,-0.201549,10.6
Paul Nicholas,https://en.wikipedia.org/wiki/Paul_Nicholas,Sitcom comedians,1945,,18102,80.0,Male,Peterborough,52.5725769,-0.2427336,127.9
Paul Taylor,https://en.wikipedia.org/wiki/Paul_Taylor_(comedian),Stand-up comedians,1986,,7806,39.0,Male,"Chelmsford, England",51.7345329,0.4730532,65.53
Paul Whitehouse,https://en.wikipedia.org/wiki/Paul_Whitehouse,Sketch show/alternative comedians,1958,,14708,67.0,Male,"Stanleytown, Glamorgan",,,
Pauline Quirke,https://en.wikipedia.org/wiki/Pauline_Quirke,Sitcom comedians,1959,,8578,66.0,Female,"Hackney, London, England",51.5588684,-0.0739204,23.27
Penelope Keith,https://en.wikipedia.org/wiki/Penelope_Keith,Sitcom comedians,1940,,12462,85.0,Female,"Sutton, Surrey",51.1967997,-0.6229249,32.51
Penelope Wilton,https://en.wikipedia.org/wiki/Penelope_Wilton,Sitcom comedians,1946,,9851,79.0,Female,"Scarborough, England",54.2820009,-0.4011868,318.04
Penny Broadhurst,https://en.wikipedia.org/wiki/Penny_Broadhurst,Poets with a comedic bent,,,4811,,Female,,,,
Peter Howitt,https://en.wikipedia.org/wiki/Peter_Howitt_(actor),Sitcom comedians,1957,,2826,68.0,Male,"Manchester, Lancashire, England",53.7851712,-2.2493172,293.08
Peter Jones,https://en.wikipedia.org/wiki/Peter_Jones_(actor),Comedy panel game regulars,,,9618,,Male,"Wem, Shropshire",52.8556312,-2.7241167,228.48
Peter Kay,https://en.wikipedia.org/wiki/Peter_Kay,Stand-up comedians,1973,,18092,52.0,Male,"Farnworth, Lancashire",53.8723989,-2.9973382,326.73
Peter Richardson,https://en.wikipedia.org/wiki/Peter_Richardson_(actor),Sketch show/alternative comedians,1951,,21480,74.0,Male,"Newton Abbot, Devon, England",50.5296441,-3.6112097,250.96
Peter Serafinowicz,https://en.wikipedia.org/wiki/Peter_Serafinowicz,Sketch show/alternative comedians,1972,,15318,53.0,Male,"Liverpool, England",53.4071991,-2.99168,285.38
Phil Cool,https://en.wikipedia.org/wiki/Phil_Cool,Stand-up comedians,1948,,6710,77.0,Male,Chorley,53.6531915,-2.6294313,292.95
Phil Kay,https://en.wikipedia.org/wiki/Phil_Kay,Stand-up comedians,1969,,3362,56.0,Male,,,,
Phil Lester,https://en.wikipedia.org/wiki/Phil_Lester,Blog and internet humourists,,,27564,,Male,Rawtenstall,53.7012824,-2.2862723,285.95
Philip Pope,https://en.wikipedia.org/wiki/Philip_Pope,Musical comedians,,,4185,,Male,Philip R. J. Pope is a British composer and actor.,,,
Phill Jupitus,https://en.wikipedia.org/wiki/Phill_Jupitus,Stand-up comedians,1962,,18296,63.0,Male,"Newport, Isle of Wight",50.7003707,-1.2952039,105.17
Prunella Scales,https://en.wikipedia.org/wiki/Prunella_Scales,Sitcom comedians,1932,,20079,93.0,Female,Sutton Abinger,51.2021227,-0.418884,25.48
Rachel Parris,https://en.wikipedia.org/wiki/Rachel_Parris,Comedy panel game regulars,1984,,6814,41.0,Female,"Leicester, England",52.6362,-1.1331969,145.65
Rainer Hersch,https://en.wikipedia.org/wiki/Rainer_Hersch,Musical comedians,,,6923,,Male,"Thames Ditton, Surrey, UK",51.389182,-0.3290769,3.92
Ralf Little,https://en.wikipedia.org/wiki/Ralf_Little,Sitcom comedians,1980,,12942,45.0,Male,"Oldham, Greater Manchester",53.5415797,-2.1147831,264.92
Rebecca Front,https://en.wikipedia.org/wiki/Rebecca_Front,Spoof show comedians,,,10696,,Female,"Stoke Newington, London",51.5650387,-0.0725478,23.79
Reece Shearsmith,https://en.wikipedia.org/wiki/Reece_Shearsmith,Sketch show/alternative comedians,1969,,14527,56.0,Male,East Yorkshire,38.5680312,-90.3257566,6781.39
Revnell and West,https://en.wikipedia.org/wiki/Revnell_and_West,Variety and music hall comedians,,,3178,,Female,"Clerkenwell, Notting Hill",51.5319163,-0.1181678,19.0
Rhod Gilbert,https://en.wikipedia.org/wiki/Rhod_Gilbert,Stand-up comedians,1968,,17128,57.0,Male,Carmarthen,51.8591257,-4.3115907,279.76
Rhodri Marsden,https://en.wikipedia.org/wiki/Rhodri_Marsden,Blog and internet humourists,,,4843,,Male,"St Albans, Hertfordshire, England",51.753051,-0.3379675,36.57
Rhona Cameron,https://en.wikipedia.org/wiki/Rhona_Cameron,Stand-up comedians,1965,,4476,60.0,Female,"Dundee, Scotland",56.4605938,-2.97019,586.62
Richard Ayoade,https://en.wikipedia.org/wiki/Richard_Ayoade,Comedy panel game regulars,1977,,37249,48.0,Male,"Hammersmith, London, England",51.494109,-0.2250607,10.67
Richard Digance,https://en.wikipedia.org/wiki/Richard_Digance,Musical comedians,1949,,5547,76.0,Male,"Plaistow, England",51.5311544,0.0166833,26.89
Richard Herring,https://en.wikipedia.org/wiki/Richard_Herring,Stand-up comedians,1967,,29682,58.0,Male,"Pocklington, East Yorkshire",53.9315681,-0.7761036,280.62
Richard Ingrams,https://en.wikipedia.org/wiki/Richard_Ingrams,Comedy panel game regulars,,,9460,,Male,"London, England",51.5074456,-0.1277653,16.85
Richard Wilson,https://en.wikipedia.org/wiki/Richard_Wilson_(Scottish_actor),Sitcom comedians,1936,,13605,89.0,Male,"Greenock, Renfrewshire",55.8840456,-4.4144882,564.81
Rick Wakeman,https://en.wikipedia.org/wiki/Rick_Wakeman,Stand-up comedians,1949,,101117,76.0,Male,"Perivale, Middlesex",,,
Ricky Gervais,https://en.wikipedia.org/wiki/Ricky_Gervais,Stand-up comedians,1961,,77848,64.0,Male,"Reading, Berkshire",51.4534889,-1.031873,48.87
Rik Mayall,https://en.wikipedia.org/wiki/Rik_Mayall,Film,,,39590,,Male,"Harlow, Essex",51.7685568,0.0949036,48.33
Rob Beckett,https://en.wikipedia.org/wiki/Rob_Beckett,Stand-up comedians,1986,,10434,39.0,Male,"Mottingham, London, England",51.4402515,0.0499618,26.52
Rob Brydon,https://en.wikipedia.org/wiki/Rob_Brydon,Comedy panel game regulars,,,22949,,Male,"Baglan, Glamorgan",51.6210687,-3.8116445,242.57
Rob Newman,https://en.wikipedia.org/wiki/Robert_Newman_(comedian),Sketch show/alternative comedians,1964,,12009,61.0,Male,,,,
Robert Lindsay,https://en.wikipedia.org/wiki/Robert_Lindsay_(actor),Sitcom comedians,1949,,12671,76.0,Male,"Ilkeston, Derbyshire",52.970845,-1.3091628,184.62
Robert Llewellyn,https://en.wikipedia.org/wiki/Robert_Llewellyn,Sitcom comedians,1956,,15074,69.0,Male,"Northampton, England",52.2343297,-0.9028043,98.37
Robert Morley,https://en.wikipedia.org/wiki/Robert_Morley,Comedy panel game regulars,,,16386,,Male,"Semley, Wiltshire",51.0413707,-2.1562572,134.44
Robert Newman,https://en.wikipedia.org/wiki/Robert_Newman_(comedian),Comedy double acts,,,12009,,Male,,,,
Robert Webb,https://en.wikipedia.org/wiki/Robert_Webb,Comedy panel game regulars,1972,,25239,53.0,Male,"Boston, Lincolnshire",52.9776561,-0.0237985,174.1
Robin Ince,https://en.wikipedia.org/wiki/Robin_Ince,Stand-up comedians,1969,,13054,56.0,Male,Robin Ince,,,
Robin Ray,https://en.wikipedia.org/wiki/Robin_Ray,Comedy panel game regulars,,,12239,,Male,"Fulham, London, England",51.4808834,-0.1943493,11.37
Rogan Whitenails,https://en.wikipedia.org/wiki/Rogan_Whitenails,Poets with a comedic bent,,,1666,,Male,"Rogan Whitenails (born Martyn Sutton;  in Chester, UK) is a British poet, fabulist and barotermatismophobia sufferer.",,,
Roger McGough,https://en.wikipedia.org/wiki/Roger_McGough,Poets with a comedic bent,,,15547,,Male,"Litherland, Lancashire",53.8494767,-3.0261266,325.72
Roisin Conaty,https://en.wikipedia.org/wiki/Roisin_Conaty,Stand-up comedians,1979,,6168,46.0,Female,"Camden, London, England",51.5394397,-0.1426957,18.28
Romesh Ranganathan,https://en.wikipedia.org/wiki/Romesh_Ranganathan,Stand-up comedians,1978,,16631,47.0,Male,"Crawley, West Sussex",51.1103444,-0.1801094,36.48
Ronni Ancona,https://en.wikipedia.org/wiki/Ronni_Ancona,Impressionists,1966,,16028,59.0,Female,"Louth, Lincolnshire",53.3675163,-0.0022381,217.37
Ronnie Barker,https://en.wikipedia.org/wiki/Ronnie_Barker,Comedy double acts,,,45302,,Male,"Bedford, Bedfordshire",52.0640034,-0.4111138,71.38
Ronnie Corbett,https://en.wikipedia.org/wiki/Ronnie_Corbett,Comedy double acts,,,16233,,Male,"Ronald Balfour CorbettEdinburgh, Scotland",,,
Rory Bremner,https://en.wikipedia.org/wiki/Rory_Bremner,Comedy panel game regulars,1961,,12395,64.0,Male,"Edinburgh, Scotland",55.9533456,-3.1883749,538.15
Rory McGrath,https://en.wikipedia.org/wiki/Rory_McGrath,Comedy panel game regulars,,,8044,,Male,"Redruth, England",50.233989,-5.2276468,369.47
Rosie Holt,https://en.wikipedia.org/wiki/Rosie_Holt,Satirists,,,5340,,Female,July,-15.638786,34.704887,8170.18
Rosie Jones,https://en.wikipedia.org/wiki/Rosie_Jones_(comedian),Comedy panel game regulars,,,18365,,Female,"Bridlington, Humberside",,,
Ross Noble,https://en.wikipedia.org/wiki/Ross_Noble,Stand-up comedians,1976,,29920,49.0,Male,Newcastle upon Tyne,54.9738474,-1.6131572,404.19
Rowan Atkinson,https://en.wikipedia.org/wiki/Rowan_Atkinson,Sketch show/alternative comedians,1955,,44363,70.0,Male,"Consett, County Durham",54.8518781,-1.8333741,394.45
Rowland Rivron,https://en.wikipedia.org/wiki/Rowland_Rivron,Musical comedians,1958,,4944,67.0,Male,Aylesbury,51.8161412,-0.8130383,54.92
Roy 'Chubby' Brown,https://en.wikipedia.org/wiki/Roy_%27Chubby%27_Brown,Stand-up comedians,1945,,10085,80.0,Male,"Grangetown, North Riding of Yorkshire",,,
Rudolph Walker,https://en.wikipedia.org/wiki/Rudolph_Walker,Sitcom comedians,1939,,9147,86.0,Male,Trinidad and Tobago,10.7466905,-61.0840075,7069.27
Rufus Hound,https://en.wikipedia.org/wiki/Rufus_Hound,Stand-up comedians,1979,,14091,46.0,Male,Essex,51.7704679,0.4646698,67.22
Rufus Jones,https://en.wikipedia.org/wiki/Rufus_Jones_(actor),Sketch show/alternative comedians,1975,,6635,50.0,Male,"19 [1]London, England",,,
Russ Abbot,https://en.wikipedia.org/wiki/Russ_Abbot,Stand-up comedians,1947,,8042,78.0,Male,Ellesmere Port,53.2789347,-2.9022507,270.69
Russell Brand,https://en.wikipedia.org/wiki/Russell_Brand,Stand-up comedians,1975,,105919,50.0,Male,"Grays, Essex, England",51.4780898,0.3233131,45.85
Russell Howard,https://en.wikipedia.org/wiki/Russell_Howard,Stand-up comedians,1980,,18570,45.0,Male,Bath,51.3813864,-2.3596963,141.28
Russell Kane,https://en.wikipedia.org/wiki/Russell_Kane,Stand-up comedians,1975,,11007,50.0,Male,London,51.5074456,-0.1277653,16.85
Sacha Baron Cohen,https://en.wikipedia.org/wiki/Sacha_Baron_Cohen,Film,1971,,65710,54.0,Male,"Sacha Noam Baron Cohen   London, England",,,
Sadia Azmat,https://en.wikipedia.org/wiki/Sadia_Azmat,Stand-up comedians,1987,,8309,38.0,Female,"Leyton, London, UK",51.5568183,-0.0051322,26.98
Sally Phillips,https://en.wikipedia.org/wiki/Sally_Phillips,Sketch show/alternative comedians,1970,,14275,55.0,Female,British Hong Kong,22.2762998,114.1649712,9660.23
Sandi Toksvig,https://en.wikipedia.org/wiki/Sandi_Toksvig,Comedy panel game regulars,,,37651,,Female,Copenhagen,55.6867243,12.5700724,975.6
Sanjeev Bhaskar,https://en.wikipedia.org/wiki/Sanjeev_Bhaskar,Sketch show/alternative comedians,1963,,10923,62.0,Male,"Ealing, Middlesex, England",,,
Sara Pascoe,https://en.wikipedia.org/wiki/Sara_Pascoe,Stand-up comedians,1981,,12741,44.0,Female,"Dagenham, Greater London",51.5413271,0.1481142,35.71
Sarah Hadland,https://en.wikipedia.org/wiki/Sarah_Hadland,Sitcom comedians,1971,,5511,54.0,Female,"St Albans, Hertfordshire, England",51.753051,-0.3379675,36.57
Sarah Keyworth,https://en.wikipedia.org/wiki/Sarah_Keyworth,Stand-up comedians,,,6810,,,"Nottingham, England",52.9534193,-1.1496461,179.12
Sarah Millican,https://en.wikipedia.org/wiki/Sarah_Millican,Stand-up comedians,1975,,15195,50.0,Female,"South Shields, Tyne and Wear",54.9987414,-1.4321848,404.53
Sean Lock,https://en.wikipedia.org/wiki/Sean_Lock,Comedy panel game regulars,,,22450,,Male,"Chertsey, Surrey, England",51.392296,-0.5038294,12.57
Seann Walsh,https://en.wikipedia.org/wiki/Seann_Walsh,Stand-up comedians,1985,,9260,40.0,Male,Camden,39.9448402,-75.1198911,5701.99
Sensible Footwear,https://en.wikipedia.org/wiki/Sensible_Footwear,Sketch show/alternative comedians,,,4050,,,"Sensible Footwear was a British comedy group comprising Alex Dallas, Alison Field, and Wendy Vousden. Their shows incorporated elements of stand-up comedy, sketch comedy, and musical comedy.[1]",,,
Shaparak Khorsandi,https://en.wikipedia.org/wiki/Shaparak_Khorsandi,Stand-up comedians,1973,,27351,52.0,Female,"Tehran, Pahlavi Iran",,,
Shazia Mirza,https://en.wikipedia.org/wiki/Shazia_Mirza,Stand-up comedians,1976,,4589,49.0,Female,"Birmingham, West Midlands, England",52.4796992,-1.9026911,159.58
Sheridan Smith,https://en.wikipedia.org/wiki/Sheridan_Smith,Sitcom comedians,1981,,24782,44.0,Female,"Epworth, Lincolnshire",53.5249277,-0.8201895,236.09
Sid Kipper,https://en.wikipedia.org/wiki/Chris_Sugden,Musical comedians,,,2800,,Male,,,,
Simon Amstell,https://en.wikipedia.org/wiki/Simon_Amstell,Comedy panel game regulars,,,12091,,Male,"Gants Hill, London, England",51.576525,0.0648799,32.26
Simon Bird,https://en.wikipedia.org/wiki/Simon_Bird,Sitcom comedians,1984,,10914,41.0,Male,"Guildford, Surrey",51.2356068,-0.5732063,26.96
Simon Brint,https://en.wikipedia.org/wiki/Simon_Brint,Musical comedians,1950,,7197,75.0,Male,High Ham,51.0730788,-2.8145062,177.77
Simon Day,https://en.wikipedia.org/wiki/Simon_Day,Sketch show/alternative comedians,1962,,5527,63.0,Male,Blackheath,51.470342,0.0058096,23.94
Simon Fanshawe,https://en.wikipedia.org/wiki/Simon_Fanshawe,Stand-up comedians,1956,,8232,69.0,Male,"Devizes, England",51.3525027,-1.9958302,116.19
Simon Farnaby,https://en.wikipedia.org/wiki/Simon_Farnaby,Sitcom comedians,1973,,9318,52.0,Male,"Darlington, County Durham, England",54.7867084,-1.5360339,382.78
Simon Hoggart,https://en.wikipedia.org/wiki/Simon_Hoggart,Comedy panel game regulars,,,7668,,Male,"Ashton-under-Lyne, England",53.4865407,-2.098691,259.02
Simon Munnery,https://en.wikipedia.org/wiki/Simon_Munnery,Stand-up comedians,1967,,8092,58.0,Male,"Middlesex, England",51.5460558,-0.2537791,14.55
Simon Pegg,https://en.wikipedia.org/wiki/Simon_Pegg,Film,1970,,20998,55.0,Male,"Brockworth, Gloucestershire",51.8474636,-2.1551249,134.8
Sophie Duker,https://en.wikipedia.org/wiki/Sophie_Duker,Stand-up comedians,,,9114,,Female,"London, England",51.5074456,-0.1277653,16.85
Stanley Baxter,https://en.wikipedia.org/wiki/Stanley_Baxter,Impressionists,1926,,14086,99.0,Male,Glasgow,55.861155,-4.2501687,557.5
Stephen Fry,https://en.wikipedia.org/wiki/Stephen_Fry,Comedy panel game regulars,1957,,105450,68.0,Male,"Hampstead, London",51.5566155,-0.1782918,18.12
Stephen K. Amos,https://en.wikipedia.org/wiki/Stephen_K._Amos,Stand-up comedians,1967,,11154,58.0,Male,"Stephen Kehinde Amos   [1]London, England",,,
Stephen Merchant,https://en.wikipedia.org/wiki/Stephen_Merchant,Stand-up comedians,1974,,24251,51.0,Male,Bristol,51.4538022,-2.5972985,157.64
Steve Coogan,https://en.wikipedia.org/wiki/Steve_Coogan,Film,1965,,46140,60.0,Male,"Middleton, Lancashire",54.022158,-2.9009091,337.18
Steve Pemberton,https://en.wikipedia.org/wiki/Steve_Pemberton,Sketch show/alternative comedians,1967,,11672,58.0,Male,"Blackburn, Lancashire, England",53.749326,-2.4840566,297.01
Steve Punt,https://en.wikipedia.org/wiki/Steve_Punt,Sketch show/alternative comedians,1962,,4753,63.0,Male,19,45.3429047,1.8176424,694.63
Stewart Lee,https://en.wikipedia.org/wiki/Stewart_Lee,Stand-up comedians,1968,,26362,57.0,Male,"Wellington, Shropshire",-41.2686748,174.7545899,18815.58
Sue Perkins,https://en.wikipedia.org/wiki/Sue_Perkins,Stand-up comedians,1969,,22309,56.0,Female,London,51.5074456,-0.1277653,16.85
Susan Calman,https://en.wikipedia.org/wiki/Susan_Calman,Comedy panel game regulars,,,12082,,Female,Susan Grace Calman,,,
Suzi Ruffell,https://en.wikipedia.org/wiki/Suzi_Ruffell,Stand-up comedians,1986,,9989,39.0,Female,"Portsmouth, Hampshire, England",50.8221133,-1.0677602,84.58
Suzy Eddie Izzard,https://en.wikipedia.org/wiki/Suzy_Eddie_Izzard,Stand-up comedians,1962,,39421,63.0,Female,"Aden, Aden Colony",,,
Syd Little,https://en.wikipedia.org/wiki/Syd_Little,Comedy double acts,,,3487,,Male,Blackpool,53.8179442,-3.0509812,323.81
Tamsin Greig,https://en.wikipedia.org/wiki/Tamsin_Greig,Sitcom comedians,1966,,15712,59.0,Female,"Tamsin Margaret Mary Greig   [1]Maidstone, Kent, England",,,
Ted Chippington,https://en.wikipedia.org/wiki/Ted_Chippington,Stand-up comedians,1962,,7154,63.0,Male,"Stoke-on-Trent, Staffordshire",53.0259674,-2.1942494,219.02
Terry Alderton,https://en.wikipedia.org/wiki/Terry_Alderton,Stand-up comedians,1970,,3297,55.0,Male,"Rochford, Essex",51.5838691,0.7056174,74.1
Terry Gilliam,https://en.wikipedia.org/wiki/Terry_Gilliam,Sketch show/alternative comedians,1940,,35021,85.0,Male,"Minneapolis, Minnesota",44.9772995,-93.2654692,6467.55
Tim Brooke-Taylor,https://en.wikipedia.org/wiki/Tim_Brooke-Taylor,Comedy panel game regulars,,,16560,,Male,"TaylorBuxton, Derbyshire, England",,,
Tim Key,https://en.wikipedia.org/wiki/Tim_Key,Poets with a comedic bent,,,12169,,Male,"Timothy Key   Cambridge, England",,,
Tim Minchin,https://en.wikipedia.org/wiki/Tim_Minchin,Musical comedians,1975,,63517,50.0,Male,"Northampton, Northamptonshire",52.2343297,-0.9028043,98.37
Tim Vine,https://en.wikipedia.org/wiki/Tim_Vine,Stand-up comedians,1967,,18990,58.0,Male,"Cheam, London",51.3556609,-0.2145128,11.13
Tom Walker,https://en.wikipedia.org/wiki/Jonathan_Pie,Satirists,,,6489,,Male,,,,
Tommy Cannon,https://en.wikipedia.org/wiki/Tommy_Cannon,Comedy double acts,,,4239,,Male,Oldham,35.3907651,-102.6193428,7785.4
Tony Gardner,https://en.wikipedia.org/wiki/Tony_Gardner,Sitcom comedians,1964,,2781,61.0,Male,Ashton-under-Lyne,53.4865407,-2.098691,259.02
Tony Hawks,https://en.wikipedia.org/wiki/Tony_Hawks,Comedy panel game regulars,,,12453,,Male,Brighton,50.8214626,-0.1400561,68.39
Tony Robinson,https://en.wikipedia.org/wiki/Tony_Robinson,Sitcom comedians,1946,,34826,79.0,Male,"Homerton, London",51.5470789,-0.043121,24.19
Tracey Ullman,https://en.wikipedia.org/wiki/Tracey_Ullman,Sketch show/alternative comedians,1959,,33277,66.0,Female,Slough,51.5111014,-0.5940682,20.69
Vic Reeves,https://en.wikipedia.org/wiki/Vic_Reeves,Sketch show/alternative comedians,1959,,27678,66.0,Male,Leeds,53.7974185,-1.5437941,276.55
Vicki Pepperdine,https://en.wikipedia.org/wiki/Vicki_Pepperdine,Sitcom comedians,1961,,4165,64.0,Female,"London, England",51.5074456,-0.1277653,16.85
Victor Lewis-Smith,https://en.wikipedia.org/wiki/Victor_Lewis-Smith,Satirists,1959,,13014,66.0,Male,"Ilford, Essex",51.5769867,0.0948548,34.07
Victoria Wood,https://en.wikipedia.org/wiki/Victoria_Wood,Spoof show comedians,,,35637,,Female,"Prestwich, Lancashire, England",53.7842187,-2.259416,293.29
Wil Hodgson,https://en.wikipedia.org/wiki/Wil_Hodgson,Stand-up comedians,1978,,3421,47.0,,"Bath, Somerset, England",51.3813864,-2.3596963,141.28
Will Adamsdale,https://en.wikipedia.org/wiki/Will_Adamsdale,Stand-up comedians,1974,,5024,51.0,Male,"Hereford, England",52.0553813,-2.7151735,179.04
Will Mellor,https://en.wikipedia.org/wiki/Will_Mellor,Sitcom comedians,1976,,7459,49.0,Male,"Bredbury, Stockport, Greater Manchester",53.4230377,-2.1104918,253.2
Willie Rushton,https://en.wikipedia.org/wiki/Willie_Rushton,Comedy panel game regulars,,,29596,,Male,"Chelsea, London",51.4938742,-0.1861991,12.67
Zoe Lyons,https://en.wikipedia.org/wiki/Zoe_Lyons,Comedy panel game regulars,,,6690,,Female,Haverfordwest,51.8021275,-4.9684249,323.93
