Name,URL
Aaron Barschak,https://en.wikipedia.org/wiki/Aaron_Barschak
Abi Roberts,https://en.wikipedia.org/wiki/Abi_Roberts
Adam Bloom,https://en.wikipedia.org/wiki/Adam_Bloom
Adam Buxton,https://en.wikipedia.org/wiki/Adam_Buxton
Adam Rowe,https://en.wikipedia.org/wiki/Adam_Rowe
Ade Edmondson,https://en.wikipedia.org/wiki/Ade_Edmondson
Adil Ray,https://en.wikipedia.org/wiki/Adil_Ray
Adrian Edmondson,https://en.wikipedia.org/wiki/Adrian_Edmondson
Adrian Scarborough,https://en.wikipedia.org/wiki/Adrian_Scarborough
Adèle Anderson,https://en.wikipedia.org/wiki/Ad%C3%A8le_Anderson
Ahir Shah,https://en.wikipedia.org/wiki/Ahir_Shah
Al Murray,https://en.wikipedia.org/wiki/Al_Murray
Alan Carr,https://en.wikipedia.org/wiki/Alan_Carr
Alan Coren,https://en.wikipedia.org/wiki/Alan_Coren
Alan Davies,https://en.wikipedia.org/wiki/Alan_Davies
Alex Horne,https://en.wikipedia.org/wiki/Alex_Horne
Alexander Armstrong,https://en.wikipedia.org/wiki/Alexander_Armstrong
Alexei Sayle,https://en.wikipedia.org/wiki/Alexei_Sayle
Alistair Barrie,https://en.wikipedia.org/wiki/Alistair_Barrie
Alistair McGowan,https://en.wikipedia.org/wiki/Alistair_McGowan
Amelia Dimoldenberg,https://en.wikipedia.org/wiki/Amelia_Dimoldenberg
Andi Osho,https://en.wikipedia.org/wiki/Andi_Osho
Andre Vincent,https://en.wikipedia.org/wiki/Andre_Vincent
Andrew Lawrence,https://en.wikipedia.org/wiki/Andrew_Lawrence_(comedian)
Andrew O'Neill,https://en.wikipedia.org/wiki/Andrew_O%27Neill
Andy Hamilton,https://en.wikipedia.org/wiki/Andy_Hamilton
Andy Parsons,https://en.wikipedia.org/wiki/Andy_Parsons
Andy Zaltzman,https://en.wikipedia.org/wiki/Andy_Zaltzman
Angela Barnes,https://en.wikipedia.org/wiki/Angela_Barnes
Angus Deayton,https://en.wikipedia.org/wiki/Angus_Deayton
Anil Gupta,https://en.wikipedia.org/wiki/Anil_Gupta_(writer)
Anjana Vasan,https://en.wikipedia.org/wiki/Anjana_Vasan
Anne Reid,https://en.wikipedia.org/wiki/Anne_Reid
Anthony McPartlin,https://en.wikipedia.org/wiki/Anthony_McPartlin
Arabella Weir,https://en.wikipedia.org/wiki/Arabella_Weir
Armando Iannucci,https://en.wikipedia.org/wiki/Armando_Iannucci
Arthur Marshall,https://en.wikipedia.org/wiki/Arthur_Marshall_(broadcaster)
Athena Kugblenu,https://en.wikipedia.org/wiki/Athena_Kugblenu
Ava Vidal,https://en.wikipedia.org/wiki/Ava_Vidal
Babatunde Aleshe,https://en.wikipedia.org/wiki/Babatunde_Aleshe
Barry Cryer,https://en.wikipedia.org/wiki/Barry_Cryer
Barry Took,https://en.wikipedia.org/wiki/Barry_Took
Belinda Lang,https://en.wikipedia.org/wiki/Belinda_Lang
Ben Croshaw,https://en.wikipedia.org/wiki/Ben_Croshaw
Ben Elton,https://en.wikipedia.org/wiki/Ben_Elton
Ben Miles,https://en.wikipedia.org/wiki/Ben_Miles
Ben Miller,https://en.wikipedia.org/wiki/Ben_Miller
Ben Willbond,https://en.wikipedia.org/wiki/Ben_Willbond
Bennett Arron,https://en.wikipedia.org/wiki/Bennett_Arron
Bethany Black,https://en.wikipedia.org/wiki/Bethany_Black
Bill Bailey,https://en.wikipedia.org/wiki/Bill_Bailey
Bill Nighy,https://en.wikipedia.org/wiki/Bill_Nighy
Bill Oddie,https://en.wikipedia.org/wiki/Bill_Oddie
Billy Caryll and Hilda Mundy,https://en.wikipedia.org/wiki/Billy_Caryll_and_Hilda_Mundy
Billy Connolly,https://en.wikipedia.org/wiki/Billy_Connolly
Blake Harrison,https://en.wikipedia.org/wiki/Blake_Harrison
Bob Golding,https://en.wikipedia.org/wiki/Bob_Golding
Bob Mortimer,https://en.wikipedia.org/wiki/Bob_Mortimer
Bobby Ball,https://en.wikipedia.org/wiki/Bobby_Ball
Bobby Davro,https://en.wikipedia.org/wiki/Bobby_Davro
Boothby Graffoe,https://en.wikipedia.org/wiki/Boothby_Graffoe_(comedian)
Brian Conley,https://en.wikipedia.org/wiki/Brian_Conley
Brian Murphy,https://en.wikipedia.org/wiki/Brian_Murphy_(actor)
Bridget Christie,https://en.wikipedia.org/wiki/Bridget_Christie
Bud Flanagan,https://en.wikipedia.org/wiki/Bud_Flanagan
Cariad Lloyd,https://en.wikipedia.org/wiki/Cariad_Lloyd
Caroline Quentin,https://en.wikipedia.org/wiki/Caroline_Quentin
Catherine Tate,https://en.wikipedia.org/wiki/Catherine_Tate
Catherine Tyldesley,https://en.wikipedia.org/wiki/Catherine_Tyldesley
Celia Imrie,https://en.wikipedia.org/wiki/Celia_Imrie
Charlie Higson,https://en.wikipedia.org/wiki/Charlie_Higson
Charlie Naughton,https://en.wikipedia.org/wiki/Charlie_Naughton
Charlie Wernham,https://en.wikipedia.org/wiki/Charlie_Wernham
Charlotte Ritchie,https://en.wikipedia.org/wiki/Charlotte_Ritchie
Chesney Allen,https://en.wikipedia.org/wiki/Chesney_Allen
Chris Addison,https://en.wikipedia.org/wiki/Chris_Addison
Chris Barrie,https://en.wikipedia.org/wiki/Chris_Barrie
Chris Donald,https://en.wikipedia.org/wiki/Chris_Donald
Chris Langham,https://en.wikipedia.org/wiki/Chris_Langham
Chris McCausland,https://en.wikipedia.org/wiki/Chris_McCausland
Chris Morris,https://en.wikipedia.org/wiki/Chris_Morris_(satirist)
Clapham and Dwyer,https://en.wikipedia.org/wiki/Clapham_and_Dwyer
Clement Freud,https://en.wikipedia.org/wiki/Clement_Freud
Clive Anderson,https://en.wikipedia.org/wiki/Clive_Anderson
Collinson and Dean,https://en.wikipedia.org/wiki/Collinson_and_Dean
Craig Charles,https://en.wikipedia.org/wiki/Craig_Charles
Crazy Gang,https://en.wikipedia.org/wiki/Crazy_Gang_(comedy_group)
Daisy May Cooper,https://en.wikipedia.org/wiki/Daisy_May_Cooper
Daniel Howell,https://en.wikipedia.org/wiki/Daniel_Howell
Daniel Kitson,https://en.wikipedia.org/wiki/Daniel_Kitson
Daniel Lawrence Taylor,https://en.wikipedia.org/wiki/Daniel_Lawrence_Taylor
Daniel Sloss,https://en.wikipedia.org/wiki/Daniel_Sloss
Danny Bhoy,https://en.wikipedia.org/wiki/Danny_Bhoy
Danny John-Jules,https://en.wikipedia.org/wiki/Danny_John-Jules
Dave Gorman,https://en.wikipedia.org/wiki/Dave_Gorman
Dave Lamb,https://en.wikipedia.org/wiki/Dave_Lamb
Dave Thompson,https://en.wikipedia.org/wiki/Dave_Thompson_(comedian)
David Baddiel,https://en.wikipedia.org/wiki/David_Baddiel
David Jason,https://en.wikipedia.org/wiki/David_Jason
David Mitchell,https://en.wikipedia.org/wiki/David_Mitchell_(comedian)
David Walliams,https://en.wikipedia.org/wiki/David_Walliams
Dawn French,https://en.wikipedia.org/wiki/Dawn_French
Debra Stephenson,https://en.wikipedia.org/wiki/Debra_Stephenson
Declan Donnelly,https://en.wikipedia.org/wiki/Declan_Donnelly
Derek Nimmo,https://en.wikipedia.org/wiki/Derek_Nimmo
Diane Morgan,https://en.wikipedia.org/wiki/Diane_Morgan
Doc Brown,https://en.wikipedia.org/wiki/Doc_Brown_(rapper)
Dom Joly,https://en.wikipedia.org/wiki/Dom_Joly
Dominic Holland,https://en.wikipedia.org/wiki/Dominic_Holland
Don Juan,https://en.wikipedia.org/wiki/Don_Juan_(Byron)
Donald Swann,https://en.wikipedia.org/wiki/Donald_Swann
Doon Mackichan,https://en.wikipedia.org/wiki/Doon_Mackichan
Dudley Moore,https://en.wikipedia.org/wiki/Dudley_Moore
Duncan Preston,https://en.wikipedia.org/wiki/Duncan_Preston
Earl Okin,https://en.wikipedia.org/wiki/Earl_Okin
Ed Gamble,https://en.wikipedia.org/wiki/Ed_Gamble
Eddie Large,https://en.wikipedia.org/wiki/Eddie_Large
Edwyn Collins,https://en.wikipedia.org/wiki/Edwyn_Collins
Eleanor Bron,https://en.wikipedia.org/wiki/Eleanor_Bron
Eleanor Morton,https://en.wikipedia.org/wiki/Eleanor_Morton_(comedian)
Elis James,https://en.wikipedia.org/wiki/Elis_James
Ellie Taylor,https://en.wikipedia.org/wiki/Ellie_Taylor
Ellie White,https://en.wikipedia.org/wiki/Ellie_White
Elsie and Doris Waters,https://en.wikipedia.org/wiki/Elsie_and_Doris_Waters
Emily Atack,https://en.wikipedia.org/wiki/Emily_Atack
Eric Idle,https://en.wikipedia.org/wiki/Eric_Idle
Eric Morecambe,https://en.wikipedia.org/wiki/Eric_Morecambe
Ernie Wise,https://en.wikipedia.org/wiki/Ernie_Wise
Eros Vlahos,https://en.wikipedia.org/wiki/Eros_Vlahos
Faith Brown,https://en.wikipedia.org/wiki/Faith_Brown
Fayne and Evans,https://en.wikipedia.org/wiki/Fayne_and_Evans
Fiona Allen,https://en.wikipedia.org/wiki/Fiona_Allen
First World War,https://en.wikipedia.org/wiki/First_World_War
Flo and Joan,https://en.wikipedia.org/wiki/Flo_and_Joan
Francesca Martinez,https://en.wikipedia.org/wiki/Francesca_Martinez
Francis Wheen,https://en.wikipedia.org/wiki/Francis_Wheen
Frank Muir,https://en.wikipedia.org/wiki/Frank_Muir
Frank Skinner,https://en.wikipedia.org/wiki/Frank_Skinner
Frankie Boyle,https://en.wikipedia.org/wiki/Frankie_Boyle
Gareth Hale,https://en.wikipedia.org/wiki/Gareth_Hale
Gary Delaney,https://en.wikipedia.org/wiki/Gary_Delaney
Gary Le Strange,https://en.wikipedia.org/wiki/Gary_Le_Strange
George Logan,https://en.wikipedia.org/wiki/George_Logan_(performer)
Gerald Scarfe,https://en.wikipedia.org/wiki/Gerald_Scarfe
Gina Yashere,https://en.wikipedia.org/wiki/Gina_Yashere
Gordon Southern,https://en.wikipedia.org/wiki/Gordon_Southern
Graeme Garden,https://en.wikipedia.org/wiki/Graeme_Garden
Graham Fellows,https://en.wikipedia.org/wiki/Graham_Fellows
Greg Davies,https://en.wikipedia.org/wiki/Greg_Davies
Greg McHugh,https://en.wikipedia.org/wiki/Greg_McHugh
Gregor Fisher,https://en.wikipedia.org/wiki/Gregor_Fisher
Griff Rhys Jones,https://en.wikipedia.org/wiki/Griff_Rhys_Jones
Harriet Braine,https://en.wikipedia.org/wiki/Harriet_Braine
Harry Enfield,https://en.wikipedia.org/wiki/Harry_Enfield
Harry Hill,https://en.wikipedia.org/wiki/Harry_Hill
Haver and Lee,https://en.wikipedia.org/wiki/Haver_and_Lee
Helen Atkinson-Wood,https://en.wikipedia.org/wiki/Helen_Atkinson-Wood
Helen Lederer,https://en.wikipedia.org/wiki/Helen_Lederer
Henry Naylor,https://en.wikipedia.org/wiki/Henry_Naylor
Henry Normal,https://en.wikipedia.org/wiki/Henry_Normal
Hinge and Bracket,https://en.wikipedia.org/wiki/Hinge_and_Bracket
Holly Walsh,https://en.wikipedia.org/wiki/Holly_Walsh
Hugh Dennis,https://en.wikipedia.org/wiki/Hugh_Dennis
Hugh Laurie,https://en.wikipedia.org/wiki/Hugh_Laurie
Hugo Speer,https://en.wikipedia.org/wiki/Hugo_Speer
Humphrey Ker,https://en.wikipedia.org/wiki/Humphrey_Ker
Humphrey Lyttelton,https://en.wikipedia.org/wiki/Humphrey_Lyttelton
Ian Hislop,https://en.wikipedia.org/wiki/Ian_Hislop
Ian Stone,https://en.wikipedia.org/wiki/Ian_Stone
Ikenna Azuike,https://en.wikipedia.org/wiki/Ikenna_Azuike
Ingrid Oliver,https://en.wikipedia.org/wiki/Ingrid_Oliver
Isy Suttie,https://en.wikipedia.org/wiki/Isy_Suttie
Ivo Graham,https://en.wikipedia.org/wiki/Ivo_Graham
Ivor Biggun,https://en.wikipedia.org/wiki/Doc_Cox
Jack Binstead,https://en.wikipedia.org/wiki/Jack_Binstead
Jack Davenport,https://en.wikipedia.org/wiki/Jack_Davenport
Jack Dee,https://en.wikipedia.org/wiki/Jack_Dee
Jack Whitehall,https://en.wikipedia.org/wiki/Jack_Whitehall
Jameela Jamil,https://en.wikipedia.org/wiki/Jameela_Jamil
James Acaster,https://en.wikipedia.org/wiki/James_Acaster
James Bachman,https://en.wikipedia.org/wiki/James_Bachman
James Bolam,https://en.wikipedia.org/wiki/James_Bolam
James Buckley,https://en.wikipedia.org/wiki/James_Buckley_(actor)
James Dreyfus,https://en.wikipedia.org/wiki/James_Dreyfus
James Fleet,https://en.wikipedia.org/wiki/James_Fleet
Jamie Demetriou,https://en.wikipedia.org/wiki/Jamie_Demetriou
Jan Ravens,https://en.wikipedia.org/wiki/Jan_Ravens
Jane Horrocks,https://en.wikipedia.org/wiki/Jane_Horrocks
Jane Leeves,https://en.wikipedia.org/wiki/Jane_Leeves
Janice Connolly,https://en.wikipedia.org/wiki/Janice_Connolly
Jason Manford,https://en.wikipedia.org/wiki/Jason_Manford
Jasper Carrott,https://en.wikipedia.org/wiki/Jasper_Carrott
Jay Foreman,https://en.wikipedia.org/wiki/Jay_Foreman_(comedian)
Jeff Green,https://en.wikipedia.org/wiki/Jeff_Green_(comedian)
Jen Brister,https://en.wikipedia.org/wiki/Jen_Brister
Jennifer Saunders,https://en.wikipedia.org/wiki/Jennifer_Saunders
Jennifer Veal,https://en.wikipedia.org/wiki/Jennifer_Veal
Jenny Eclair,https://en.wikipedia.org/wiki/Jenny_Eclair
Jeremy Dyson,https://en.wikipedia.org/wiki/Jeremy_Dyson
Jeremy Hardy,https://en.wikipedia.org/wiki/Jeremy_Hardy
Jessica Hynes,https://en.wikipedia.org/wiki/Jessica_Hynes
Jessica Knappett,https://en.wikipedia.org/wiki/Jessica_Knappett
Jim Davidson,https://en.wikipedia.org/wiki/Jim_Davidson
Jim Tavaré,https://en.wikipedia.org/wiki/Jim_Tavar%C3%A9
Jimeoin,https://en.wikipedia.org/wiki/Jimeoin
Jimmy Carr,https://en.wikipedia.org/wiki/Jimmy_Carr
Jimmy Cricket,https://en.wikipedia.org/wiki/Jimmy_Cricket
Jimmy Gold,https://en.wikipedia.org/wiki/Jimmy_Gold
Jimmy Jones,https://en.wikipedia.org/wiki/Jimmy_Jones_(comedian)
Jimmy Tarbuck,https://en.wikipedia.org/wiki/Jimmy_Tarbuck
Jo Brand,https://en.wikipedia.org/wiki/Jo_Brand
Jo Caulfield,https://en.wikipedia.org/wiki/Jo_Caulfield
Jo Enright,https://en.wikipedia.org/wiki/Jo_Enright
Joanna Lumley,https://en.wikipedia.org/wiki/Joanna_Lumley
Joe Cornish,https://en.wikipedia.org/wiki/Joe_Cornish
Joe Lycett,https://en.wikipedia.org/wiki/Joe_Lycett
Joe Thomas,https://en.wikipedia.org/wiki/Joe_Thomas_(actor)
Joe Wilkinson,https://en.wikipedia.org/wiki/Joe_Wilkinson
Joel Dommett,https://en.wikipedia.org/wiki/Joel_Dommett
John Bishop,https://en.wikipedia.org/wiki/John_Bishop
John Cleese,https://en.wikipedia.org/wiki/John_Cleese
John Cooper Clarke,https://en.wikipedia.org/wiki/John_Cooper_Clarke
John Finnemore,https://en.wikipedia.org/wiki/John_Finnemore
John Hegley,https://en.wikipedia.org/wiki/John_Hegley
John Moloney,https://en.wikipedia.org/wiki/John_Moloney_(comedian)
John Oliver,https://en.wikipedia.org/wiki/John_Oliver_(comedian)
John Robins,https://en.wikipedia.org/wiki/John_Robins_(comedian)
John Thomson,https://en.wikipedia.org/wiki/John_Thomson_(comedian)
Johnny Vegas,https://en.wikipedia.org/wiki/Johnny_Vegas
Jon Culshaw,https://en.wikipedia.org/wiki/Jon_Culshaw
Jon Holmes,https://en.wikipedia.org/wiki/Jon_Holmes
Jon Richardson,https://en.wikipedia.org/wiki/Jon_Richardson
Jonathan Ross,https://en.wikipedia.org/wiki/Jonathan_Ross
Josh Widdicombe,https://en.wikipedia.org/wiki/Josh_Widdicombe
Joshua Seigal,https://en.wikipedia.org/wiki/Joshua_Seigal
Josie Long,https://en.wikipedia.org/wiki/Josie_Long
Judy Cornwell,https://en.wikipedia.org/wiki/Judy_Cornwell
Julia Davis,https://en.wikipedia.org/wiki/Julia_Davis
Julia Hills,https://en.wikipedia.org/wiki/Julia_Hills
Julia Sawalha,https://en.wikipedia.org/wiki/Julia_Sawalha
Julian Barratt,https://en.wikipedia.org/wiki/Julian_Barratt
Julian Clary,https://en.wikipedia.org/wiki/Julian_Clary
Julie Walters,https://en.wikipedia.org/wiki/Julie_Walters
Karl Howman,https://en.wikipedia.org/wiki/Karl_Howman
Katherine Bennett,https://en.wikipedia.org/wiki/Katherine_Bennett_(comedian)
Katherine Parkinson,https://en.wikipedia.org/wiki/Katherine_Parkinson
Kathy Burke,https://en.wikipedia.org/wiki/Kathy_Burke
Katie Perry,https://en.wikipedia.org/wiki/Katie_Perry
Katy Brand,https://en.wikipedia.org/wiki/Katy_Brand
Kenneth Williams,https://en.wikipedia.org/wiki/Kenneth_Williams
Kenway and Young,https://en.wikipedia.org/wiki/Kenway_and_Young
Kerry Godliman,https://en.wikipedia.org/wiki/Kerry_Godliman
Kev Orkian,https://en.wikipedia.org/wiki/Kev_Orkian
Kevin Bridges,https://en.wikipedia.org/wiki/Kevin_Bridges
Kevin Connelly,https://en.wikipedia.org/wiki/Kevin_Connelly
Kevin Eldon,https://en.wikipedia.org/wiki/Kevin_Eldon
Kiell Smith-Bynoe,https://en.wikipedia.org/wiki/Kiell_Smith-Bynoe
Kunal Nayyar,https://en.wikipedia.org/wiki/Kunal_Nayyar
Laura Lexx,https://en.wikipedia.org/wiki/Laura_Lexx
Laura Solon,https://en.wikipedia.org/wiki/Laura_Solon
Lauren Laverne,https://en.wikipedia.org/wiki/Lauren_Laverne
Laurence Clark,https://en.wikipedia.org/wiki/Laurence_Clark_(comedian)
Laurence Rickard,https://en.wikipedia.org/wiki/Laurence_Rickard
Lee Evans,https://en.wikipedia.org/wiki/Lee_Evans_(comedian)
Lee Hurst,https://en.wikipedia.org/wiki/Lee_Hurst
Lee Mack,https://en.wikipedia.org/wiki/Lee_Mack
Lee Peart,https://en.wikipedia.org/wiki/Lee_Peart
Lemn Sissay,https://en.wikipedia.org/wiki/Lemn_Sissay
Lenny Henry,https://en.wikipedia.org/wiki/Lenny_Henry
Les Barker,https://en.wikipedia.org/wiki/Les_Barker
Les Dawson,https://en.wikipedia.org/wiki/Les_Dawson
Les Dennis,https://en.wikipedia.org/wiki/Les_Dennis
Lesley Joseph,https://en.wikipedia.org/wiki/Lesley_Joseph
Lewis Costello,https://en.wikipedia.org/wiki/Lewis_Costello
Linda Robson,https://en.wikipedia.org/wiki/Linda_Robson
Linda Smith,https://en.wikipedia.org/wiki/Linda_Smith_(comedian)
Liza Tarbuck,https://en.wikipedia.org/wiki/Liza_Tarbuck
Lorna Watson,https://en.wikipedia.org/wiki/Lorna_Watson
Lou Sanders,https://en.wikipedia.org/wiki/Lou_Sanders
Lucy Davis,https://en.wikipedia.org/wiki/Lucy_Davis
Lucy Porter,https://en.wikipedia.org/wiki/Lucy_Porter
Lucy Punch,https://en.wikipedia.org/wiki/Lucy_Punch
Maisie Adam,https://en.wikipedia.org/wiki/Maisie_Adam
Marcus Brigstocke,https://en.wikipedia.org/wiki/Marcus_Brigstocke
Mark Addy,https://en.wikipedia.org/wiki/Mark_Addy
Mark Gatiss,https://en.wikipedia.org/wiki/Mark_Gatiss
Mark Perry,https://en.wikipedia.org/wiki/Mark_Perry_(impressionist)
Mark Steel,https://en.wikipedia.org/wiki/Mark_Steel
Mark Thomas,https://en.wikipedia.org/wiki/Mark_Thomas
Mark Watson,https://en.wikipedia.org/wiki/Mark_Watson
Mark Williams,https://en.wikipedia.org/wiki/Mark_Williams_(actor)
Martha Howe-Douglas,https://en.wikipedia.org/wiki/Martha_Howe-Douglas
Martin Clunes,https://en.wikipedia.org/wiki/Martin_Clunes
Martin Freeman,https://en.wikipedia.org/wiki/Martin_Freeman
Mathew Baynton,https://en.wikipedia.org/wiki/Mathew_Baynton
Matilda Ziegler,https://en.wikipedia.org/wiki/Matilda_Ziegler
Matt Berry,https://en.wikipedia.org/wiki/Matt_Berry
Matt Forde,https://en.wikipedia.org/wiki/Matt_Forde
Matt King,https://en.wikipedia.org/wiki/Matt_King_(comedian)
Matt Lucas,https://en.wikipedia.org/wiki/Matt_Lucas
Matt Richardson,https://en.wikipedia.org/wiki/Matt_Richardson
Matthew Cottle,https://en.wikipedia.org/wiki/Matthew_Cottle
Matthew Floyd Jones,https://en.wikipedia.org/wiki/Matthew_Floyd_Jones
Matthew Holness,https://en.wikipedia.org/wiki/Matthew_Holness
Maureen Lipman,https://en.wikipedia.org/wiki/Maureen_Lipman
Meera Syal,https://en.wikipedia.org/wiki/Meera_Syal
Mel Giedroyc,https://en.wikipedia.org/wiki/Mel_Giedroyc
Melanie Hudson,https://en.wikipedia.org/wiki/Melanie_Hudson
"Michael ""Atters"" Attree",https://en.wikipedia.org/wiki/Michael_%22Atters%22_Attree
Michael Barrymore,https://en.wikipedia.org/wiki/Michael_Barrymore
Michael Crawford,https://en.wikipedia.org/wiki/Michael_Crawford
Michael Dapaah,https://en.wikipedia.org/wiki/Michael_Dapaah
Michael Flanders,https://en.wikipedia.org/wiki/Michael_Flanders
Michael McIntyre,https://en.wikipedia.org/wiki/Michael_McIntyre
Michael Palin,https://en.wikipedia.org/wiki/Michael_Palin
Michael Spicer,https://en.wikipedia.org/wiki/Michael_Spicer_(comedian)
Michaela Coel,https://en.wikipedia.org/wiki/Michaela_Coel
Micky Flanagan,https://en.wikipedia.org/wiki/Micky_Flanagan
Mike Harding,https://en.wikipedia.org/wiki/Mike_Harding
Mike Hayley,https://en.wikipedia.org/wiki/Mike_Hayley
Mike Wozniak,https://en.wikipedia.org/wiki/Mike_Wozniak
Miles Jupp,https://en.wikipedia.org/wiki/Miles_Jupp
Millicent Martin,https://en.wikipedia.org/wiki/Millicent_Martin
Milton Jones,https://en.wikipedia.org/wiki/Milton_Jones
Miranda Hart,https://en.wikipedia.org/wiki/Miranda_Hart
Mitch Benn,https://en.wikipedia.org/wiki/Mitch_Benn
Mo Gilligan,https://en.wikipedia.org/wiki/Mo_Gilligan
Monty Python,https://en.wikipedia.org/wiki/Monty_Python
Morgana Robinson,https://en.wikipedia.org/wiki/Morgana_Robinson
Morwenna Banks,https://en.wikipedia.org/wiki/Morwenna_Banks
Munya Chawawa,https://en.wikipedia.org/wiki/Munya_Chawawa
Murray and Mooney,https://en.wikipedia.org/wiki/Murray_and_Mooney
Nat Mills and Bobbie,https://en.wikipedia.org/wiki/Nat_Mills_and_Bobbie
Natalie Casey,https://en.wikipedia.org/wiki/Natalie_Casey
Natalie Haynes,https://en.wikipedia.org/wiki/Natalie_Haynes
Neil Morrissey,https://en.wikipedia.org/wiki/Neil_Morrissey
Nichola McAuliffe,https://en.wikipedia.org/wiki/Nichola_McAuliffe
Nicholas Lyndhurst,https://en.wikipedia.org/wiki/Nicholas_Lyndhurst
Nick Frost,https://en.wikipedia.org/wiki/Nick_Frost
Nick Hancock,https://en.wikipedia.org/wiki/Nick_Hancock
Nick Helm,https://en.wikipedia.org/wiki/Nick_Helm
Nigel Planer,https://en.wikipedia.org/wiki/Nigel_Planer
Nina Conti,https://en.wikipedia.org/wiki/Nina_Conti
Ninia Benjamin,https://en.wikipedia.org/wiki/Ninia_Benjamin
Nish Kumar,https://en.wikipedia.org/wiki/Nish_Kumar
Noel Fielding,https://en.wikipedia.org/wiki/Noel_Fielding
Norman Lovett,https://en.wikipedia.org/wiki/Norman_Lovett
Norman Pace,https://en.wikipedia.org/wiki/Norman_Pace
Olivia Colman,https://en.wikipedia.org/wiki/Olivia_Colman
Omid Djalili,https://en.wikipedia.org/wiki/Omid_Djalili
Owen O'Neill,https://en.wikipedia.org/wiki/Owen_O%27Neill
Pam Ayres,https://en.wikipedia.org/wiki/Pam_Ayres
Pamela Stephenson,https://en.wikipedia.org/wiki/Pamela_Stephenson
Papa CJ,https://en.wikipedia.org/wiki/Papa_CJ
Patricia Routledge,https://en.wikipedia.org/wiki/Patricia_Routledge
Patrick Fyffe,https://en.wikipedia.org/wiki/Patrick_Fyffe
Paul Burling,https://en.wikipedia.org/wiki/Paul_Burling
Paul Chowdhry,https://en.wikipedia.org/wiki/Paul_Chowdhry
Paul Cinquevalli,https://en.wikipedia.org/wiki/Paul_Cinquevalli
Paul Foot,https://en.wikipedia.org/wiki/Paul_Foot_(comedian)
Paul Kaye,https://en.wikipedia.org/wiki/Paul_Kaye
Paul Merton,https://en.wikipedia.org/wiki/Paul_Merton
Paul Nicholas,https://en.wikipedia.org/wiki/Paul_Nicholas
Paul Taylor,https://en.wikipedia.org/wiki/Paul_Taylor_(comedian)
Paul Whitehouse,https://en.wikipedia.org/wiki/Paul_Whitehouse
Pauline Quirke,https://en.wikipedia.org/wiki/Pauline_Quirke
Penelope Keith,https://en.wikipedia.org/wiki/Penelope_Keith
Penelope Wilton,https://en.wikipedia.org/wiki/Penelope_Wilton
Penny Broadhurst,https://en.wikipedia.org/wiki/Penny_Broadhurst
Peter Howitt,https://en.wikipedia.org/wiki/Peter_Howitt_(actor)
Peter Jones,https://en.wikipedia.org/wiki/Peter_Jones_(actor)
Peter Kay,https://en.wikipedia.org/wiki/Peter_Kay
Peter Richardson,https://en.wikipedia.org/wiki/Peter_Richardson_(actor)
Peter Serafinowicz,https://en.wikipedia.org/wiki/Peter_Serafinowicz
Phil Cool,https://en.wikipedia.org/wiki/Phil_Cool
Phil Kay,https://en.wikipedia.org/wiki/Phil_Kay
Phil Lester,https://en.wikipedia.org/wiki/Phil_Lester
Philip Pope,https://en.wikipedia.org/wiki/Philip_Pope
Phill Jupitus,https://en.wikipedia.org/wiki/Phill_Jupitus
Prunella Scales,https://en.wikipedia.org/wiki/Prunella_Scales
Rachel Parris,https://en.wikipedia.org/wiki/Rachel_Parris
Rainer Hersch,https://en.wikipedia.org/wiki/Rainer_Hersch
Ralf Little,https://en.wikipedia.org/wiki/Ralf_Little
Rebecca Front,https://en.wikipedia.org/wiki/Rebecca_Front
Reece Shearsmith,https://en.wikipedia.org/wiki/Reece_Shearsmith
Revnell and West,https://en.wikipedia.org/wiki/Revnell_and_West
Rhod Gilbert,https://en.wikipedia.org/wiki/Rhod_Gilbert
Rhodri Marsden,https://en.wikipedia.org/wiki/Rhodri_Marsden
Rhona Cameron,https://en.wikipedia.org/wiki/Rhona_Cameron
Richard Ayoade,https://en.wikipedia.org/wiki/Richard_Ayoade
Richard Digance,https://en.wikipedia.org/wiki/Richard_Digance
Richard Herring,https://en.wikipedia.org/wiki/Richard_Herring
Richard Ingrams,https://en.wikipedia.org/wiki/Richard_Ingrams
Richard Wilson,https://en.wikipedia.org/wiki/Richard_Wilson_(Scottish_actor)
Rick Wakeman,https://en.wikipedia.org/wiki/Rick_Wakeman
Ricky Gervais,https://en.wikipedia.org/wiki/Ricky_Gervais
Rik Mayall,https://en.wikipedia.org/wiki/Rik_Mayall
Rob Beckett,https://en.wikipedia.org/wiki/Rob_Beckett
Rob Brydon,https://en.wikipedia.org/wiki/Rob_Brydon
Rob Newman,https://en.wikipedia.org/wiki/Robert_Newman_(comedian)
Robert Lindsay,https://en.wikipedia.org/wiki/Robert_Lindsay_(actor)
Robert Llewellyn,https://en.wikipedia.org/wiki/Robert_Llewellyn
Robert Morley,https://en.wikipedia.org/wiki/Robert_Morley
Robert Newman,https://en.wikipedia.org/wiki/Robert_Newman_(comedian)
Robert Webb,https://en.wikipedia.org/wiki/Robert_Webb
Robin Ince,https://en.wikipedia.org/wiki/Robin_Ince
Robin Ray,https://en.wikipedia.org/wiki/Robin_Ray
Rogan Whitenails,https://en.wikipedia.org/wiki/Rogan_Whitenails
Roger McGough,https://en.wikipedia.org/wiki/Roger_McGough
Roisin Conaty,https://en.wikipedia.org/wiki/Roisin_Conaty
Romesh Ranganathan,https://en.wikipedia.org/wiki/Romesh_Ranganathan
Ronni Ancona,https://en.wikipedia.org/wiki/Ronni_Ancona
Ronnie Barker,https://en.wikipedia.org/wiki/Ronnie_Barker
Ronnie Corbett,https://en.wikipedia.org/wiki/Ronnie_Corbett
Rory Bremner,https://en.wikipedia.org/wiki/Rory_Bremner
Rory McGrath,https://en.wikipedia.org/wiki/Rory_McGrath
Rosie Holt,https://en.wikipedia.org/wiki/Rosie_Holt
Rosie Jones,https://en.wikipedia.org/wiki/Rosie_Jones_(comedian)
Ross Noble,https://en.wikipedia.org/wiki/Ross_Noble
Rowan Atkinson,https://en.wikipedia.org/wiki/Rowan_Atkinson
Rowland Rivron,https://en.wikipedia.org/wiki/Rowland_Rivron
Roy 'Chubby' Brown,https://en.wikipedia.org/wiki/Roy_%27Chubby%27_Brown
Rudolph Walker,https://en.wikipedia.org/wiki/Rudolph_Walker
Rufus Hound,https://en.wikipedia.org/wiki/Rufus_Hound
Rufus Jones,https://en.wikipedia.org/wiki/Rufus_Jones_(actor)
Russ Abbot,https://en.wikipedia.org/wiki/Russ_Abbot
Russell Brand,https://en.wikipedia.org/wiki/Russell_Brand
Russell Howard,https://en.wikipedia.org/wiki/Russell_Howard
Russell Kane,https://en.wikipedia.org/wiki/Russell_Kane
Sacha Baron Cohen,https://en.wikipedia.org/wiki/Sacha_Baron_Cohen
Sadia Azmat,https://en.wikipedia.org/wiki/Sadia_Azmat
Sally Phillips,https://en.wikipedia.org/wiki/Sally_Phillips
Sandi Toksvig,https://en.wikipedia.org/wiki/Sandi_Toksvig
Sanjeev Bhaskar,https://en.wikipedia.org/wiki/Sanjeev_Bhaskar
Sara Pascoe,https://en.wikipedia.org/wiki/Sara_Pascoe
Sarah Hadland,https://en.wikipedia.org/wiki/Sarah_Hadland
Sarah Keyworth,https://en.wikipedia.org/wiki/Sarah_Keyworth
Sarah Millican,https://en.wikipedia.org/wiki/Sarah_Millican
Sean Lock,https://en.wikipedia.org/wiki/Sean_Lock
Seann Walsh,https://en.wikipedia.org/wiki/Seann_Walsh
Sensible Footwear,https://en.wikipedia.org/wiki/Sensible_Footwear
Shaparak Khorsandi,https://en.wikipedia.org/wiki/Shaparak_Khorsandi
Shazia Mirza,https://en.wikipedia.org/wiki/Shazia_Mirza
Sheridan Smith,https://en.wikipedia.org/wiki/Sheridan_Smith
Sid Kipper,https://en.wikipedia.org/wiki/Chris_Sugden
Simon Amstell,https://en.wikipedia.org/wiki/Simon_Amstell
Simon Bird,https://en.wikipedia.org/wiki/Simon_Bird
Simon Brint,https://en.wikipedia.org/wiki/Simon_Brint
Simon Day,https://en.wikipedia.org/wiki/Simon_Day
Simon Fanshawe,https://en.wikipedia.org/wiki/Simon_Fanshawe
Simon Farnaby,https://en.wikipedia.org/wiki/Simon_Farnaby
Simon Hoggart,https://en.wikipedia.org/wiki/Simon_Hoggart
Simon Munnery,https://en.wikipedia.org/wiki/Simon_Munnery
Simon Pegg,https://en.wikipedia.org/wiki/Simon_Pegg
Sophie Duker,https://en.wikipedia.org/wiki/Sophie_Duker
Stanley Baxter,https://en.wikipedia.org/wiki/Stanley_Baxter
Stephen Fry,https://en.wikipedia.org/wiki/Stephen_Fry
Stephen K. Amos,https://en.wikipedia.org/wiki/Stephen_K._Amos
Stephen Merchant,https://en.wikipedia.org/wiki/Stephen_Merchant
Steve Coogan,https://en.wikipedia.org/wiki/Steve_Coogan
Steve Pemberton,https://en.wikipedia.org/wiki/Steve_Pemberton
Steve Punt,https://en.wikipedia.org/wiki/Steve_Punt
Stewart Lee,https://en.wikipedia.org/wiki/Stewart_Lee
Sue Perkins,https://en.wikipedia.org/wiki/Sue_Perkins
Susan Calman,https://en.wikipedia.org/wiki/Susan_Calman
Suzi Ruffell,https://en.wikipedia.org/wiki/Suzi_Ruffell
Suzy Eddie Izzard,https://en.wikipedia.org/wiki/Suzy_Eddie_Izzard
Syd Little,https://en.wikipedia.org/wiki/Syd_Little
Tamsin Greig,https://en.wikipedia.org/wiki/Tamsin_Greig
Ted Chippington,https://en.wikipedia.org/wiki/Ted_Chippington
Terry Alderton,https://en.wikipedia.org/wiki/Terry_Alderton
Terry Gilliam,https://en.wikipedia.org/wiki/Terry_Gilliam
Tim Brooke-Taylor,https://en.wikipedia.org/wiki/Tim_Brooke-Taylor
Tim Key,https://en.wikipedia.org/wiki/Tim_Key
Tim Minchin,https://en.wikipedia.org/wiki/Tim_Minchin
Tim Vine,https://en.wikipedia.org/wiki/Tim_Vine
Tom Walker,https://en.wikipedia.org/wiki/Jonathan_Pie
Tommy Cannon,https://en.wikipedia.org/wiki/Tommy_Cannon
Tony Gardner,https://en.wikipedia.org/wiki/Tony_Gardner
Tony Hawks,https://en.wikipedia.org/wiki/Tony_Hawks
Tony Robinson,https://en.wikipedia.org/wiki/Tony_Robinson
Tracey Ullman,https://en.wikipedia.org/wiki/Tracey_Ullman
Vic Reeves,https://en.wikipedia.org/wiki/Vic_Reeves
Vicki Pepperdine,https://en.wikipedia.org/wiki/Vicki_Pepperdine
Victor Lewis-Smith,https://en.wikipedia.org/wiki/Victor_Lewis-Smith
Victoria Wood,https://en.wikipedia.org/wiki/Victoria_Wood
Wil Hodgson,https://en.wikipedia.org/wiki/Wil_Hodgson
Will Adamsdale,https://en.wikipedia.org/wiki/Will_Adamsdale
Will Mellor,https://en.wikipedia.org/wiki/Will_Mellor
Willie Rushton,https://en.wikipedia.org/wiki/Willie_Rushton
Zoe Lyons,https://en.wikipedia.org/wiki/Zoe_Lyons
